<?xml version="1.0" ?>
<LOG_ROOT>
	<PROJECT NAME="lab2">
		<CBX_INST_ENTRY INSTANCE_NAME="|lab2|block2:inst1|lpm_counter3:inst15|lpm_counter:lpm_counter_component" CBX_FILE_NAME="cntr_qkj.tdf"/>
		<CBX_INST_ENTRY INSTANCE_NAME="|lab2|block3:inst4|lpm_decode0:inst1|lpm_decode:lpm_decode_component" CBX_FILE_NAME="decode_cff.tdf"/>
		<CBX_INST_ENTRY INSTANCE_NAME="|lab2|block1:inst|lpm_counter0:inst|lpm_counter:lpm_counter_component" CBX_FILE_NAME="cntr_okj.tdf"/>
		<CBX_INST_ENTRY INSTANCE_NAME="|lab2|block1:inst|lpm_counter1:inst3|lpm_counter:lpm_counter_component" CBX_FILE_NAME="cntr_qkj.tdf"/>
		<CBX_INST_ENTRY INSTANCE_NAME="|lab2|block2:inst1|lpm_counter2:inst|lpm_counter:lpm_counter_component" CBX_FILE_NAME="cntr_okj.tdf"/>
		<CBX_INST_ENTRY INSTANCE_NAME="|lab2|block3:inst4|lpm_counter4:inst|lpm_counter:lpm_counter_component" CBX_FILE_NAME="cntr_h7h.tdf"/>
	</PROJECT>
</LOG_ROOT>
