<?xml version="1.0" ?>
<LOG_ROOT>
	<PROJECT NAME="2lab">
		<CBX_INST_ENTRY INSTANCE_NAME="|2lab|cache:inst3|line:inst2|lpm_counter0:inst6|lpm_counter:lpm_counter_component" CBX_FILE_NAME="cntr_usj.tdf"/>
		<CBX_INST_ENTRY INSTANCE_NAME="|2lab|cache:inst3|line:inst3|lpm_decode0:inst9|lpm_decode:lpm_decode_component" CBX_FILE_NAME="decode_p7f.tdf"/>
		<CBX_INST_ENTRY INSTANCE_NAME="|2lab|cache:inst3|line:inst8|lpm_mux0:inst11|lpm_mux:lpm_mux_component" CBX_FILE_NAME="mux_2oc.tdf"/>
		<CBX_INST_ENTRY INSTANCE_NAME="|2lab|cache:inst3|lpm_mux1:inst5|lpm_mux:lpm_mux_component" CBX_FILE_NAME="mux_vnc.tdf"/>
		<CBX_INST_ENTRY INSTANCE_NAME="|2lab|cache:inst3|line:inst3|lpm_counter0:inst6|lpm_counter:lpm_counter_component" CBX_FILE_NAME="cntr_usj.tdf"/>
		<CBX_INST_ENTRY INSTANCE_NAME="|2lab|cache:inst3|line:inst4|lpm_decode0:inst9|lpm_decode:lpm_decode_component" CBX_FILE_NAME="decode_p7f.tdf"/>
		<CBX_INST_ENTRY INSTANCE_NAME="|2lab|cache:inst3|line:inst9|lpm_mux0:inst11|lpm_mux:lpm_mux_component" CBX_FILE_NAME="mux_2oc.tdf"/>
		<CBX_INST_ENTRY INSTANCE_NAME="|2lab|lpm_ram_dq0:inst|altsyncram:altsyncram_component" CBX_FILE_NAME="altsyncram_hkc1.tdf"/>
		<CBX_INST_ENTRY INSTANCE_NAME="|2lab|cache:inst3|line:inst2|lpm_mux0:inst11|lpm_mux:lpm_mux_component" CBX_FILE_NAME="mux_2oc.tdf"/>
		<CBX_INST_ENTRY INSTANCE_NAME="|2lab|cache:inst3|line:inst4|lpm_counter0:inst6|lpm_counter:lpm_counter_component" CBX_FILE_NAME="cntr_usj.tdf"/>
		<CBX_INST_ENTRY INSTANCE_NAME="|2lab|cache:inst3|lpm_add_sub0:inst26|lpm_add_sub:lpm_add_sub_component" CBX_FILE_NAME="add_sub_tph.tdf"/>
		<CBX_INST_ENTRY INSTANCE_NAME="|2lab|cache:inst3|lpm_decode1:inst27|lpm_decode:lpm_decode_component" CBX_FILE_NAME="decode_5sf.tdf"/>
		<CBX_INST_ENTRY INSTANCE_NAME="|2lab|cache:inst3|lpm_mux2:inst6|lpm_mux:lpm_mux_component" CBX_FILE_NAME="mux_1oc.tdf"/>
		<CBX_INST_ENTRY INSTANCE_NAME="|2lab|cache:inst3|line:inst3|lpm_mux0:inst11|lpm_mux:lpm_mux_component" CBX_FILE_NAME="mux_2oc.tdf"/>
		<CBX_INST_ENTRY INSTANCE_NAME="|2lab|cache:inst3|lpm_counter1:inst24|lpm_counter:lpm_counter_component" CBX_FILE_NAME="cntr_q3i.tdf"/>
		<CBX_INST_ENTRY INSTANCE_NAME="|2lab|cache:inst3|lpm_decode1:inst28|lpm_decode:lpm_decode_component" CBX_FILE_NAME="decode_5sf.tdf"/>
		<CBX_INST_ENTRY INSTANCE_NAME="|2lab|cache:inst3|lpm_mux4:inst23|lpm_mux:lpm_mux_component" CBX_FILE_NAME="mux_onc.tdf"/>
		<CBX_INST_ENTRY INSTANCE_NAME="|2lab|cache:inst3|lpm_mux4:inst50|lpm_mux:lpm_mux_component" CBX_FILE_NAME="mux_onc.tdf"/>
		<CBX_INST_ENTRY INSTANCE_NAME="|2lab|cache:inst3|line:inst4|lpm_mux0:inst11|lpm_mux:lpm_mux_component" CBX_FILE_NAME="mux_2oc.tdf"/>
		<CBX_INST_ENTRY INSTANCE_NAME="|2lab|cache:inst3|lpm_mux3:inst7|lpm_mux:lpm_mux_component" CBX_FILE_NAME="mux_7oc.tdf"/>
		<CBX_INST_ENTRY INSTANCE_NAME="|2lab|cache:inst3|lpm_mux5:inst14|lpm_mux:lpm_mux_component" CBX_FILE_NAME="mux_0oc.tdf"/>
		<CBX_INST_ENTRY INSTANCE_NAME="|2lab|cache:inst3|line:inst8|lpm_decode0:inst9|lpm_decode:lpm_decode_component" CBX_FILE_NAME="decode_p7f.tdf"/>
		<CBX_INST_ENTRY INSTANCE_NAME="|2lab|cache:inst3|line:inst|lpm_decode0:inst9|lpm_decode:lpm_decode_component" CBX_FILE_NAME="decode_p7f.tdf"/>
		<CBX_INST_ENTRY INSTANCE_NAME="|2lab|cache:inst3|line:inst10|lpm_decode0:inst9|lpm_decode:lpm_decode_component" CBX_FILE_NAME="decode_p7f.tdf"/>
		<CBX_INST_ENTRY INSTANCE_NAME="|2lab|cache:inst3|line:inst1|lpm_decode0:inst9|lpm_decode:lpm_decode_component" CBX_FILE_NAME="decode_p7f.tdf"/>
		<CBX_INST_ENTRY INSTANCE_NAME="|2lab|cache:inst3|line:inst8|lpm_counter0:inst6|lpm_counter:lpm_counter_component" CBX_FILE_NAME="cntr_usj.tdf"/>
		<CBX_INST_ENTRY INSTANCE_NAME="|2lab|cache:inst3|line:inst9|lpm_decode0:inst9|lpm_decode:lpm_decode_component" CBX_FILE_NAME="decode_p7f.tdf"/>
		<CBX_INST_ENTRY INSTANCE_NAME="|2lab|cache:inst3|line:inst|lpm_counter0:inst6|lpm_counter:lpm_counter_component" CBX_FILE_NAME="cntr_usj.tdf"/>
		<CBX_INST_ENTRY INSTANCE_NAME="|2lab|cache:inst3|line:inst10|lpm_counter0:inst6|lpm_counter:lpm_counter_component" CBX_FILE_NAME="cntr_usj.tdf"/>
		<CBX_INST_ENTRY INSTANCE_NAME="|2lab|cache:inst3|line:inst1|lpm_counter0:inst6|lpm_counter:lpm_counter_component" CBX_FILE_NAME="cntr_usj.tdf"/>
		<CBX_INST_ENTRY INSTANCE_NAME="|2lab|cache:inst3|line:inst2|lpm_decode0:inst9|lpm_decode:lpm_decode_component" CBX_FILE_NAME="decode_p7f.tdf"/>
		<CBX_INST_ENTRY INSTANCE_NAME="|2lab|cache:inst3|line:inst9|lpm_counter0:inst6|lpm_counter:lpm_counter_component" CBX_FILE_NAME="cntr_usj.tdf"/>
		<CBX_INST_ENTRY INSTANCE_NAME="|2lab|cache:inst3|lpm_counter2:inst45|lpm_counter:lpm_counter_component" CBX_FILE_NAME="cntr_rsj.tdf"/>
		<CBX_INST_ENTRY INSTANCE_NAME="|2lab|cache:inst3|line:inst|lpm_mux0:inst11|lpm_mux:lpm_mux_component" CBX_FILE_NAME="mux_2oc.tdf"/>
		<CBX_INST_ENTRY INSTANCE_NAME="|2lab|cache:inst3|line:inst10|lpm_mux0:inst11|lpm_mux:lpm_mux_component" CBX_FILE_NAME="mux_2oc.tdf"/>
		<CBX_INST_ENTRY INSTANCE_NAME="|2lab|cache:inst3|line:inst1|lpm_mux0:inst11|lpm_mux:lpm_mux_component" CBX_FILE_NAME="mux_2oc.tdf"/>
		<CBX_INST_ENTRY INSTANCE_NAME="|2lab|cache:inst3|lpm_compare0:inst17|lpm_compare:lpm_compare_component" CBX_FILE_NAME="cmpr_aig.tdf"/>
		<CBX_INST_ENTRY INSTANCE_NAME="|2lab|cache:inst3|lpm_counter2:inst47|lpm_counter:lpm_counter_component" CBX_FILE_NAME="cntr_rsj.tdf"/>
	</PROJECT>
</LOG_ROOT>
