DROP TABLE IF EXISTS main.rehearsal_points;
CREATE TABLE main.rehearsal_points (id INTEGER PRIMARY KEY, rating REAL, contact_number VARCHAR(255), schedule JSON, name TEXT, address TEXT);
INSERT INTO main.rehearsal_points (id, rating, contact_number, schedule, name, address) VALUES (74, 4,4, '+375 29 4445566', '{"Monday": "10:00-22:00", "Tuesday": "10:00-22:00", "Wednesday": "10:00-20:00", "Thursday": "10:00-22:00", "Friday": "10:00-24:00", "Saturday": "12:00-24:00", "Sunday": "12:00-20:00"}', 'Studio 77', 'Minsk, K. Marksa St., 20');
INSERT INTO main.rehearsal_points (id, rating, contact_number, schedule, name, address) VALUES (75, 4,6, '+375 29 5556677', '{"Monday": "10:00-22:00", "Tuesday": "10:00-20:00", "Wednesday": "10:00-22:00", "Thursday": "10:00-22:00", "Friday": "10:00-24:00", "Saturday": "10:00-22:00", "Sunday": "10:00-20:00"}', 'Sound Lab', 'Minsk, Hikalo St., 3');
INSERT INTO main.rehearsal_points (id, rating, contact_number, schedule, name, address) VALUES (76, 4,5, '+375 29 6667788', '{"Monday": "10:00-22:00", "Tuesday": "10:00-22:00", "Wednesday": "10:00-20:00", "Thursday": "10:00-24:00", "Friday": "10:00-22:00", "Saturday": "12:00-24:00", "Sunday": "12:00-20:00"}', 'Vibe Studio', 'Minsk, Zmitroka Biaduli St., 8');
INSERT INTO main.rehearsal_points (id, rating, contact_number, schedule, name, address) VALUES (77, 4,2, '+375 29 7778899', '{"Monday": "10:00-22:00", "Tuesday": "10:00-22:00", "Wednesday": "10:00-20:00", "Thursday": "10:00-24:00", "Friday": "10:00-22:00", "Saturday": "10:00-22:00", "Sunday": "10:00-20:00"}', 'Rhythm Studio', 'Minsk, Bohdanovicha St., 30');
INSERT INTO main.rehearsal_points (id, rating, contact_number, schedule, name, address) VALUES (78, 4,3, '+375 29 8889900', '{"Monday": "10:00-22:00", "Tuesday": "10:00-22:00", "Wednesday": "10:00-20:00", "Thursday": "10:00-22:00", "Friday": "10:00-24:00", "Saturday": "12:00-24:00", "Sunday": "12:00-20:00"}', 'Echo Sound', 'Minsk, October St., 10');
INSERT INTO main.rehearsal_points (id, rating, contact_number, schedule, name, address) VALUES (79, 4,4, '+375 29 9990011', '{"Monday": "10:00-22:00", "Tuesday": "10:00-20:00", "Wednesday": "10:00-22:00", "Thursday": "10:00-22:00", "Friday": "10:00-24:00", "Saturday": "10:00-22:00", "Sunday": "10:00-20:00"}', 'Harmony Sound', 'Minsk, Lenina St., 25');
INSERT INTO main.rehearsal_points (id, rating, contact_number, schedule, name, address) VALUES (80, 4,5, '+375 29 0001122', '{"Monday": "10:00-22:00", "Tuesday": "10:00-22:00", "Wednesday": "10:00-20:00", "Thursday": "10:00-24:00", "Friday": "10:00-22:00", "Saturday": "12:00-24:00", "Sunday": "12:00-20:00"}', 'Beat Studio', 'Minsk, Mashinostroiteley St., 15');
INSERT INTO main.rehearsal_points (id, rating, contact_number, schedule, name, address) VALUES (82, 4,3, '+375 29 2223344', '{"Monday": "10:00-22:00", "Tuesday": "10:00-20:00", "Wednesday": "10:00-22:00", "Thursday": "10:00-22:00", "Friday": "10:00-24:00", "Saturday": "12:00-24:00", "Sunday": "12:00-20:00"}', 'Vocal Studio', 'Minsk, Hikalo St., 12');
INSERT INTO main.rehearsal_points (id, rating, contact_number, schedule, name, address) VALUES (83, 4,4, '+375 29 3334455', '{"Monday": "10:00-22:00", "Tuesday": "10:00-22:00", "Wednesday": "10:00-20:00", "Thursday": "10:00-22:00", "Friday": "10:00-24:00", "Saturday": "12:00-24:00", "Sunday": "12:00-20:00"}', 'Sound Wave', 'Minsk, Mashinostroiteley St., 18');
INSERT INTO main.rehearsal_points (id, rating, contact_number, schedule, name, address) VALUES (81, 4,6, '+375 29 1112233', '{"Monday": "10:00-22:00", "Tuesday": "10:00-22:00", "Wednesday": "10:00-20:00", "Thursday": "10:00-22:00", "Friday": "10:00-24:00", "Saturday": "10:00-22:00", "Sunday": "10:00-20:00"}', 'Music Studio', 'Minsk, Very Khoruzhey St., 5');
INSERT INTO main.rehearsal_points (id, rating, contact_number, schedule, name, address) VALUES (53, 4,5, '+375 29 1504505', '{"Monday": "10:00-22:00", "Tuesday": "10:00-22:00", "Wednesday": "10:00-24:00", "Thursday": "10:00-22:00", "Friday": "10:00-24:00", "Saturday": "10:00-22:00", "Sunday": "10:00-20:00"}', 'Black Line Studio', 'Minsk, Fabriziusa 8');
INSERT INTO main.rehearsal_points (id, rating, contact_number, schedule, name, address) VALUES (54, 4,8, '+375 29 5714120', '{"Monday": "09:00-21:00", "Tuesday": "09:00-21:00", "Wednesday": "09:00-21:00", "Thursday": "09:00-21:00", "Friday": "09:00-24:00", "Saturday": "10:00-22:00", "Sunday": "10:00-20:00"}', 'BooM Studio', 'Minsk, Lenina St., 4');
INSERT INTO main.rehearsal_points (id, rating, contact_number, schedule, name, address) VALUES (55, 4,6, '+375 33 3036355', '{"Monday": "10:00-22:00", "Tuesday": "10:00-20:00", "Wednesday": "10:00-24:00", "Thursday": "10:00-22:00", "Friday": "10:00-22:00", "Saturday": "12:00-24:00", "Sunday": "12:00-20:00"}', 'Raga Doo Music Studio', 'Minsk, Very Khoruzhey St., 29');
INSERT INTO main.rehearsal_points (id, rating, contact_number, schedule, name, address) VALUES (56, 4,7, '+375 44 7469444', '{"Monday": "11:00-23:00", "Tuesday": "11:00-23:00", "Wednesday": "11:00-24:00", "Thursday": "11:00-23:00", "Friday": "11:00-24:00", "Saturday": "10:00-22:00", "Sunday": "10:00-20:00"}', 'Studio 9', 'Minsk, Hikalo St., 9, 4th building BGUIR');
INSERT INTO main.rehearsal_points (id, rating, contact_number, schedule, name, address) VALUES (57, 4,5, '+375 29 2939033', '{"Monday": "10:00-22:00", "Tuesday": "10:00-22:00", "Wednesday": "10:00-22:00", "Thursday": "10:00-22:00", "Friday": "10:00-24:00", "Saturday": "10:00-22:00", "Sunday": "10:00-20:00"}', 'Black Beauty Studio', 'Minsk, Korolya St., 2');
INSERT INTO main.rehearsal_points (id, rating, contact_number, schedule, name, address) VALUES (58, 4,3, '+375 29 7925455', '{"Monday": "10:00-22:00", "Tuesday": "10:00-22:00", "Wednesday": "10:00-20:00", "Thursday": "10:00-22:00", "Friday": "10:00-24:00", "Saturday": "12:00-24:00", "Sunday": "12:00-20:00"}', 'MetraMusic', 'Minsk, Danila Serdicha St., 30A');
INSERT INTO main.rehearsal_points (id, rating, contact_number, schedule, name, address) VALUES (59, 4,6, '+375 29 7608134', '{"Monday": "10:00-24:00", "Tuesday": "10:00-22:00", "Wednesday": "10:00-22:00", "Thursday": "10:00-22:00", "Friday": "10:00-24:00", "Saturday": "10:00-22:00", "Sunday": "10:00-20:00"}', 'LIVEBOX', 'Minsk, Masherova Ave., 11');
INSERT INTO main.rehearsal_points (id, rating, contact_number, schedule, name, address) VALUES (60, 4,4, '+375 29 7608135', '{"Monday": "09:00-21:00", "Tuesday": "09:00-21:00", "Wednesday": "09:00-22:00", "Thursday": "09:00-22:00", "Friday": "09:00-24:00", "Saturday": "10:00-22:00", "Sunday": "10:00-20:00"}', 'Chilli Records', 'Minsk, Zmitroka Biaduli St., 13');
INSERT INTO main.rehearsal_points (id, rating, contact_number, schedule, name, address) VALUES (61, 4,2, '+375 29 5714121', '{"Monday": "10:00-22:00", "Tuesday": "10:00-22:00", "Wednesday": "10:00-20:00", "Thursday": "10:00-22:00", "Friday": "10:00-24:00", "Saturday": "10:00-22:00", "Sunday": "10:00-20:00"}', 'JAM Studio (BooM)', 'Minsk, K. Marksa St., 50A');
INSERT INTO main.rehearsal_points (id, rating, contact_number, schedule, name, address) VALUES (62, 4,5, '+375 25 9501863', '{"Monday": "10:00-22:00", "Tuesday": "10:00-22:00", "Wednesday": "10:00-20:00", "Thursday": "10:00-22:00", "Friday": "10:00-24:00", "Saturday": "10:00-22:00", "Sunday": "10:00-20:00"}', 'BIG AIR STUDIO', 'Minsk, Bohdanovicha St., 232');
INSERT INTO main.rehearsal_points (id, rating, contact_number, schedule, name, address) VALUES (63, 4,7, '+375 25 7792203', '{"Monday": "10:00-22:00", "Tuesday": "10:00-24:00", "Wednesday": "10:00-22:00", "Thursday": "10:00-22:00", "Friday": "10:00-24:00", "Saturday": "10:00-22:00", "Sunday": "10:00-20:00"}', 'Melody Studio', 'Minsk, Korolya St., 2/11');
INSERT INTO main.rehearsal_points (id, rating, contact_number, schedule, name, address) VALUES (64, 4,6, '+375 29 5528552', '{"Monday": "10:00-22:00", "Tuesday": "10:00-22:00", "Wednesday": "10:00-20:00", "Thursday": "10:00-22:00", "Friday": "10:00-24:00", "Saturday": "10:00-24:00", "Sunday": "10:00-20:00"}', 'Sunset', 'Minsk, Mashinostroiteley St.');
INSERT INTO main.rehearsal_points (id, rating, contact_number, schedule, name, address) VALUES (65, 4,5, '+375 29 2574410', '{"Monday": "10:00-22:00", "Tuesday": "10:00-22:00", "Wednesday": "10:00-20:00", "Thursday": "10:00-22:00", "Friday": "10:00-24:00", "Saturday": "12:00-24:00", "Sunday": "12:00-20:00"}', 'OVERTONE Studio', 'Minsk, Korolya St., 2');
INSERT INTO main.rehearsal_points (id, rating, contact_number, schedule, name, address) VALUES (66, 4,8, '+375 25 7151359', '{"Monday": "10:00-22:00", "Tuesday": "10:00-22:00", "Wednesday": "10:00-20:00", "Thursday": "10:00-22:00", "Friday": "10:00-24:00", "Saturday": "10:00-22:00", "Sunday": "10:00-20:00"}', 'JKBX Studio', 'Minsk, Masherova Ave., 11, 5th Floor');
INSERT INTO main.rehearsal_points (id, rating, contact_number, schedule, name, address) VALUES (67, 4,3, '+375 29 3364499', '{"Monday": "10:00-22:00", "Tuesday": "10:00-22:00", "Wednesday": "10:00-20:00", "Thursday": "10:00-22:00", "Friday": "10:00-24:00", "Saturday": "12:00-24:00", "Sunday": "12:00-20:00"}', 'Microfon', 'Minsk, Tolbukhina St., 2, office 13-5');
INSERT INTO main.rehearsal_points (id, rating, contact_number, schedule, name, address) VALUES (68, 4,5, '+375 29 1504506', '{"Monday": "10:00-22:00", "Tuesday": "10:00-24:00", "Wednesday": "10:00-22:00", "Thursday": "10:00-22:00", "Friday": "10:00-24:00", "Saturday": "10:00-22:00", "Sunday": "10:00-20:00"}', 'New Sound Studio', 'Minsk, Masherova Ave., 10');
INSERT INTO main.rehearsal_points (id, rating, contact_number, schedule, name, address) VALUES (69, 4,4, '+375 29 1234567', '{"Monday": "09:00-21:00", "Tuesday": "09:00-21:00", "Wednesday": "09:00-22:00", "Thursday": "09:00-22:00", "Friday": "09:00-24:00", "Saturday": "10:00-22:00", "Sunday": "10:00-20:00"}', 'Sound Factory', 'Minsk, Zmitroka Biaduli St., 1');
INSERT INTO main.rehearsal_points (id, rating, contact_number, schedule, name, address) VALUES (70, 4,2, '+375 29 7654321', '{"Monday": "11:00-23:00", "Tuesday": "11:00-23:00", "Wednesday": "11:00-24:00", "Thursday": "11:00-23:00", "Friday": "11:00-24:00", "Saturday": "12:00-24:00", "Sunday": "12:00-20:00"}', 'Studio 55', 'Minsk, K. Marksa St., 12');
INSERT INTO main.rehearsal_points (id, rating, contact_number, schedule, name, address) VALUES (71, 4,1, '+375 29 1112233', '{"Monday": "10:00-22:00", "Tuesday": "10:00-22:00", "Wednesday": "10:00-20:00", "Thursday": "10:00-22:00", "Friday": "10:00-24:00", "Saturday": "10:00-22:00", "Sunday": "10:00-20:00"}', 'Music Hall', 'Minsk, Bohdanovicha St., 15');
INSERT INTO main.rehearsal_points (id, rating, contact_number, schedule, name, address) VALUES (72, 4,3, '+375 29 2223344', '{"Monday": "10:00-22:00", "Tuesday": "10:00-22:00", "Wednesday": "10:00-20:00", "Thursday": "10:00-22:00", "Friday": "10:00-24:00", "Saturday": "12:00-24:00", "Sunday": "12:00-20:00"}', 'Harmony Studio', 'Minsk, Lenina St., 14');
INSERT INTO main.rehearsal_points (id, rating, contact_number, schedule, name, address) VALUES (73, 4,5, '+375 29 3334455', '{"Monday": "10:00-22:00", "Tuesday": "10:00-22:00", "Wednesday": "10:00-20:00", "Thursday": "10:00-22:00", "Friday": "10:00-24:00", "Saturday": "12:00-24:00", "Sunday": "12:00-20:00"}', 'Echo Studio', 'Minsk, October St., 5');


DROP TABLE IF EXISTS main.equipment;
CREATE TABLE main.equipment (id INTEGER PRIMARY KEY, name TEXT, type TEXT, brand TEXT, model TEXT, condition TEXT, id_rehearsal_point INTEGER);
INSERT INTO main.equipment (id, name, type, brand, model, condition, id_rehearsal_point) VALUES (1, 'Combo Amplifier', 'Amplifier', 'Fender', 'Champion 100', 'New', 53);
INSERT INTO main.equipment (id, name, type, brand, model, condition, id_rehearsal_point) VALUES (2, 'Combo Amplifier', 'Amplifier', 'Fender', 'Champion 100', 'New', 53);
INSERT INTO main.equipment (id, name, type, brand, model, condition, id_rehearsal_point) VALUES (3, 'Combo Amplifier', 'Amplifier', 'Marshall', 'MG30GFX', 'Used', 53);
INSERT INTO main.equipment (id, name, type, brand, model, condition, id_rehearsal_point) VALUES (4, 'Drum Kit', 'Drum Set', 'Pearl', 'Export Series', 'Used', 53);
INSERT INTO main.equipment (id, name, type, brand, model, condition, id_rehearsal_point) VALUES (5, 'Drum Kit', 'Drum Set', 'Tama', 'Starclassic', 'New', 53);
INSERT INTO main.equipment (id, name, type, brand, model, condition, id_rehearsal_point) VALUES (6, 'Synthesizer', 'Synthesizer', 'Yamaha', 'MX61', 'New', 53);
INSERT INTO main.equipment (id, name, type, brand, model, condition, id_rehearsal_point) VALUES (7, 'Bass Rental', 'Instrument', 'Fender', 'Precision Bass', 'New', 53);
INSERT INTO main.equipment (id, name, type, brand, model, condition, id_rehearsal_point) VALUES (8, 'Combo Amplifier', 'Amplifier', 'Roland', 'CUBE-40GX', 'New', 54);
INSERT INTO main.equipment (id, name, type, brand, model, condition, id_rehearsal_point) VALUES (9, 'Combo Amplifier', 'Amplifier', 'Orange', 'Crush Pro', 'Used', 54);
INSERT INTO main.equipment (id, name, type, brand, model, condition, id_rehearsal_point) VALUES (10, 'Drum Kit', 'Drum Set', 'Yamaha', 'Stage Custom', 'New', 54);
INSERT INTO main.equipment (id, name, type, brand, model, condition, id_rehearsal_point) VALUES (11, 'Combo Amplifier', 'Amplifier', 'Fender', 'Champion 100', 'New', 55);
INSERT INTO main.equipment (id, name, type, brand, model, condition, id_rehearsal_point) VALUES (12, 'Combo Amplifier', 'Amplifier', 'Marshall', 'MG30GFX', 'Used', 55);
INSERT INTO main.equipment (id, name, type, brand, model, condition, id_rehearsal_point) VALUES (13, 'Drum Kit', 'Drum Set', 'Pearl', 'Export Series', 'Used', 55);
INSERT INTO main.equipment (id, name, type, brand, model, condition, id_rehearsal_point) VALUES (14, 'Drum Kit', 'Drum Set', 'Tama', 'Starclassic', 'New', 55);
INSERT INTO main.equipment (id, name, type, brand, model, condition, id_rehearsal_point) VALUES (15, 'Synthesizer', 'Synthesizer', 'Yamaha', 'MX61', 'New', 55);
INSERT INTO main.equipment (id, name, type, brand, model, condition, id_rehearsal_point) VALUES (16, 'Bass Rental', 'Instrument', 'Fender', 'Precision Bass', 'New', 56);
INSERT INTO main.equipment (id, name, type, brand, model, condition, id_rehearsal_point) VALUES (17, 'Combo Amplifier', 'Amplifier', 'Roland', 'CUBE-40GX', 'New', 57);
INSERT INTO main.equipment (id, name, type, brand, model, condition, id_rehearsal_point) VALUES (18, 'Combo Amplifier', 'Amplifier', 'Orange', 'Crush Pro', 'Used', 57);
INSERT INTO main.equipment (id, name, type, brand, model, condition, id_rehearsal_point) VALUES (19, 'Drum Kit', 'Drum Set', 'Yamaha', 'Stage Custom', 'New', 57);
INSERT INTO main.equipment (id, name, type, brand, model, condition, id_rehearsal_point) VALUES (20, 'Drum Kit', 'Drum Set', 'Mapex', 'Armory', 'Used', 58);
INSERT INTO main.equipment (id, name, type, brand, model, condition, id_rehearsal_point) VALUES (21, 'Synthesizer', 'Synthesizer', 'Nord', 'Electro 5', 'New', 58);
INSERT INTO main.equipment (id, name, type, brand, model, condition, id_rehearsal_point) VALUES (22, 'Bass Rental', 'Instrument', 'Epiphone', 'EB-3', 'New', 58);
INSERT INTO main.equipment (id, name, type, brand, model, condition, id_rehearsal_point) VALUES (23, 'Combo Amplifier', 'Amplifier', 'Roland', 'AC30', 'New', 59);
INSERT INTO main.equipment (id, name, type, brand, model, condition, id_rehearsal_point) VALUES (24, 'Combo Amplifier', 'Amplifier', 'Vox', 'Pathfinder', 'Used', 59);
INSERT INTO main.equipment (id, name, type, brand, model, condition, id_rehearsal_point) VALUES (25, 'Drum Kit', 'Drum Set', 'Tama', 'Starclassic', 'New', 59);
INSERT INTO main.equipment (id, name, type, brand, model, condition, id_rehearsal_point) VALUES (26, 'Drum Kit', 'Drum Set', 'Yamaha', 'Live Custom', 'New', 59);
INSERT INTO main.equipment (id, name, type, brand, model, condition, id_rehearsal_point) VALUES (27, 'Synthesizer', 'Synthesizer', 'Korg', 'Volca FM', 'New', 59);
INSERT INTO main.equipment (id, name, type, brand, model, condition, id_rehearsal_point) VALUES (28, 'Bass Rental', 'Instrument', 'Fender', 'Jazz Bass', 'New', 59);
INSERT INTO main.equipment (id, name, type, brand, model, condition, id_rehearsal_point) VALUES (29, 'Combo Amplifier', 'Amplifier', 'Bugera', 'V55', 'New', 60);
INSERT INTO main.equipment (id, name, type, brand, model, condition, id_rehearsal_point) VALUES (30, 'Combo Amplifier', 'Amplifier', 'Laney', 'Ironheart', 'Used', 60);
INSERT INTO main.equipment (id, name, type, brand, model, condition, id_rehearsal_point) VALUES (31, 'Drum Kit', 'Drum Set', 'Gretsch', 'New Classic', 'New', 60);
INSERT INTO main.equipment (id, name, type, brand, model, condition, id_rehearsal_point) VALUES (32, 'Drum Kit', 'Drum Set', 'DW', 'Design Series', 'Used', 60);
INSERT INTO main.equipment (id, name, type, brand, model, condition, id_rehearsal_point) VALUES (33, 'Synthesizer', 'Synthesizer', 'Roland', 'Juno-DS', 'New', 60);
INSERT INTO main.equipment (id, name, type, brand, model, condition, id_rehearsal_point) VALUES (34, 'Bass Rental', 'Instrument', 'Ibanez', 'SR300', 'New', 60);
INSERT INTO main.equipment (id, name, type, brand, model, condition, id_rehearsal_point) VALUES (35, 'Combo Amplifier', 'Amplifier', 'Marshall', 'Code 25', 'New', 61);
INSERT INTO main.equipment (id, name, type, brand, model, condition, id_rehearsal_point) VALUES (36, 'Combo Amplifier', 'Amplifier', 'Orange', 'Tiny Terror', 'Used', 61);
INSERT INTO main.equipment (id, name, type, brand, model, condition, id_rehearsal_point) VALUES (37, 'Drum Kit', 'Drum Set', 'Ludwig', 'Super Classic', 'New', 61);
INSERT INTO main.equipment (id, name, type, brand, model, condition, id_rehearsal_point) VALUES (38, 'Drum Kit', 'Drum Set', 'Pearl', 'Vision', 'Used', 61);
INSERT INTO main.equipment (id, name, type, brand, model, condition, id_rehearsal_point) VALUES (39, 'Synthesizer', 'Synthesizer', 'Yamaha', 'Reface DX', 'New', 61);
INSERT INTO main.equipment (id, name, type, brand, model, condition, id_rehearsal_point) VALUES (40, 'Bass Rental', 'Instrument', 'Squier', 'Affinity', 'New', 61);
INSERT INTO main.equipment (id, name, type, brand, model, condition, id_rehearsal_point) VALUES (41, 'Combo Amplifier', 'Amplifier', 'Fender', 'Frontman', 'New', 62);
INSERT INTO main.equipment (id, name, type, brand, model, condition, id_rehearsal_point) VALUES (42, 'Combo Amplifier', 'Amplifier', 'Vox', 'AC4', 'Used', 62);
INSERT INTO main.equipment (id, name, type, brand, model, condition, id_rehearsal_point) VALUES (44, 'Drum Kit', 'Drum Set', 'Tama', 'S.L.P.', 'Used', 62);
INSERT INTO main.equipment (id, name, type, brand, model, condition, id_rehearsal_point) VALUES (45, 'Synthesizer', 'Synthesizer', 'Korg', 'Monologue', 'New', 62);
INSERT INTO main.equipment (id, name, type, brand, model, condition, id_rehearsal_point) VALUES (46, 'Bass Rental', 'Instrument', 'Music Man', 'Bongo', 'New', 62);
INSERT INTO main.equipment (id, name, type, brand, model, condition, id_rehearsal_point) VALUES (43, 'Drum Kit', 'Drum Set', 'Mapex', 'M Series', 'New', 62);


DROP TABLE IF EXISTS main.rooms;
CREATE TABLE main.rooms (id INTEGER PRIMARY KEY, name TEXT, air_conditioner BOOLEAN, price INTEGER, recording_support BOOLEAN, area INTEGER, id_rehearsal_point INTEGER);
INSERT INTO main.rooms (id, name, air_conditioner, price, recording_support, area, id_rehearsal_point) VALUES (2, 'Medium Room', TRUE, 40, TRUE, 25, 53);
INSERT INTO main.rooms (id, name, air_conditioner, price, recording_support, area, id_rehearsal_point) VALUES (3, 'Small Room', FALSE, 30, FALSE, 15, 53);
INSERT INTO main.rooms (id, name, air_conditioner, price, recording_support, area, id_rehearsal_point) VALUES (6, 'Green Room', TRUE, 25, FALSE, 28, 54);
INSERT INTO main.rooms (id, name, air_conditioner, price, recording_support, area, id_rehearsal_point) VALUES (7, 'Large Room', TRUE, 50, TRUE, 35, 55);
INSERT INTO main.rooms (id, name, air_conditioner, price, recording_support, area, id_rehearsal_point) VALUES (8, 'Medium Room', TRUE, 45, TRUE, 25, 55);
INSERT INTO main.rooms (id, name, air_conditioner, price, recording_support, area, id_rehearsal_point) VALUES (9, 'Small Room', FALSE, 20, FALSE, 12, 55);
INSERT INTO main.rooms (id, name, air_conditioner, price, recording_support, area, id_rehearsal_point) VALUES (10, 'Yellow Room', TRUE, 50, TRUE, 30, 56);
INSERT INTO main.rooms (id, name, air_conditioner, price, recording_support, area, id_rehearsal_point) VALUES (11, 'Orange Room', FALSE, 35, TRUE, 18, 56);
INSERT INTO main.rooms (id, name, air_conditioner, price, recording_support, area, id_rehearsal_point) VALUES (13, 'Large Room', TRUE, 50, TRUE, 35, 57);
INSERT INTO main.rooms (id, name, air_conditioner, price, recording_support, area, id_rehearsal_point) VALUES (14, 'Medium Room', TRUE, 30, TRUE, 26, 57);
INSERT INTO main.rooms (id, name, air_conditioner, price, recording_support, area, id_rehearsal_point) VALUES (15, 'Small Room', FALSE, 15, FALSE, 14, 57);
INSERT INTO main.rooms (id, name, air_conditioner, price, recording_support, area, id_rehearsal_point) VALUES (16, 'Black Room', TRUE, 45, TRUE, 29, 58);
INSERT INTO main.rooms (id, name, air_conditioner, price, recording_support, area, id_rehearsal_point) VALUES (17, 'White Room', FALSE, 25, TRUE, 19, 58);
INSERT INTO main.rooms (id, name, air_conditioner, price, recording_support, area, id_rehearsal_point) VALUES (18, 'Gray Room', TRUE, 20, FALSE, 27, 58);
INSERT INTO main.rooms (id, name, air_conditioner, price, recording_support, area, id_rehearsal_point) VALUES (19, 'Large Room', TRUE, 50, TRUE, 35, 59);
INSERT INTO main.rooms (id, name, air_conditioner, price, recording_support, area, id_rehearsal_point) VALUES (20, 'Medium Room', TRUE, 40, TRUE, 24, 59);
INSERT INTO main.rooms (id, name, air_conditioner, price, recording_support, area, id_rehearsal_point) VALUES (21, 'Small Room', FALSE, 10, FALSE, 13, 59);
INSERT INTO main.rooms (id, name, air_conditioner, price, recording_support, area, id_rehearsal_point) VALUES (22, 'Cyan Room', TRUE, 35, TRUE, 31, 60);
INSERT INTO main.rooms (id, name, air_conditioner, price, recording_support, area, id_rehearsal_point) VALUES (23, 'Magenta Room', FALSE, 30, TRUE, 21, 60);
INSERT INTO main.rooms (id, name, air_conditioner, price, recording_support, area, id_rehearsal_point) VALUES (24, 'Brown Room', TRUE, 45, FALSE, 23, 60);
INSERT INTO main.rooms (id, name, air_conditioner, price, recording_support, area, id_rehearsal_point) VALUES (25, 'Large Room', TRUE, 50, TRUE, 35, 61);
INSERT INTO main.rooms (id, name, air_conditioner, price, recording_support, area, id_rehearsal_point) VALUES (26, 'Medium Room', TRUE, 40, TRUE, 27, 61);
INSERT INTO main.rooms (id, name, air_conditioner, price, recording_support, area, id_rehearsal_point) VALUES (27, 'Small Room', FALSE, 15, FALSE, 11, 61);
INSERT INTO main.rooms (id, name, air_conditioner, price, recording_support, area, id_rehearsal_point) VALUES (28, 'Light Blue Room', TRUE, 25, TRUE, 30, 62);
INSERT INTO main.rooms (id, name, air_conditioner, price, recording_support, area, id_rehearsal_point) VALUES (29, 'Light Green Room', FALSE, 20, TRUE, 20, 62);
INSERT INTO main.rooms (id, name, air_conditioner, price, recording_support, area, id_rehearsal_point) VALUES (30, 'Dark Room', TRUE, 30, FALSE, 18, 62);
INSERT INTO main.rooms (id, name, air_conditioner, price, recording_support, area, id_rehearsal_point) VALUES (31, 'Meeting Room', TRUE, 35, TRUE, 22, 63);
INSERT INTO main.rooms (id, name, air_conditioner, price, recording_support, area, id_rehearsal_point) VALUES (32, 'Rehearsal Room', FALSE, 10, FALSE, 14, 63);
INSERT INTO main.rooms (id, name, air_conditioner, price, recording_support, area, id_rehearsal_point) VALUES (1, 'Large Room', FALSE, 50, TRUE, 35, 53);
INSERT INTO main.rooms (id, name, air_conditioner, price, recording_support, area, id_rehearsal_point) VALUES (4, 'Blue Room', FALSE, 45, TRUE, 30, 54);
INSERT INTO main.rooms (id, name, air_conditioner, price, recording_support, area, id_rehearsal_point) VALUES (33, 'Big Room', TRUE, 35, FALSE, 20, 63);
INSERT INTO main.rooms (id, name, air_conditioner, price, recording_support, area, id_rehearsal_point) VALUES (12, 'Purple Room', FALSE, 40, FALSE, 22, 56);
INSERT INTO main.rooms (id, name, air_conditioner, price, recording_support, area, id_rehearsal_point) VALUES (34, 'Small Room', FALSE, 30, FALSE, 15, 68);
INSERT INTO main.rooms (id, name, air_conditioner, price, recording_support, area, id_rehearsal_point) VALUES (5, 'Red Room', TRUE, 35, TRUE, 20, 54);
INSERT INTO main.rooms (id, name, air_conditioner, price, recording_support, area, id_rehearsal_point) VALUES (35, 'Small Room', TRUE, 15, FALSE, 15, 64);


DROP TABLE IF EXISTS main.staff;
CREATE TABLE main.staff (id INTEGER PRIMARY KEY, full_name TEXT, address TEXT, experience INTEGER, phone VARCHAR(255), age INTEGER, id_rehearsal_point INTEGER);
INSERT INTO main.staff (id, full_name, address, experience, phone, age, id_rehearsal_point) VALUES (1, 'Alexey Petrov', 'Minsk, Lenin St., 1', 5, '+375291234567', 30, 53);
INSERT INTO main.staff (id, full_name, address, experience, phone, age, id_rehearsal_point) VALUES (2, 'Darya Ivanova', 'Minsk, Nezavisimosti Ave., 10', 7, '+375291234568', 35, 54);
INSERT INTO main.staff (id, full_name, address, experience, phone, age, id_rehearsal_point) VALUES (3, 'Sergey Sokolov', 'Minsk, Mira St., 5', 4, '+375291234569', 28, 55);
INSERT INTO main.staff (id, full_name, address, experience, phone, age, id_rehearsal_point) VALUES (6, 'Olga Smirnova', 'Minsk, Chekistov St., 30', 8, '+375291234572', 40, 58);
INSERT INTO main.staff (id, full_name, address, experience, phone, age, id_rehearsal_point) VALUES (7, 'Vladimir Ivanov', 'Minsk, Gorkogo St., 12', 5, '+375291234573', 29, 59);
INSERT INTO main.staff (id, full_name, address, experience, phone, age, id_rehearsal_point) VALUES (8, 'Maria Orlova', 'Minsk, Lenin St., 25', 4, '+375291234574', 31, 60);
INSERT INTO main.staff (id, full_name, address, experience, phone, age, id_rehearsal_point) VALUES (9, 'Andrey Nikiforov', 'Minsk, Pushkina St., 10', 6, '+375291234575', 34, 61);
INSERT INTO main.staff (id, full_name, address, experience, phone, age, id_rehearsal_point) VALUES (12, 'Kirill Fedorov', 'Minsk, Kirova St., 11', 2, '+375291234578', 25, 53);
INSERT INTO main.staff (id, full_name, address, experience, phone, age, id_rehearsal_point) VALUES (13, 'Yulia Alexandrova', 'Minsk, Frunze St., 22', 7, '+375291234579', 38, 54);
INSERT INTO main.staff (id, full_name, address, experience, phone, age, id_rehearsal_point) VALUES (16, 'Dmitry Tikhonov', 'Minsk, Gogolya St., 8', 4, '+375291234582', 30, 57);
INSERT INTO main.staff (id, full_name, address, experience, phone, age, id_rehearsal_point) VALUES (18, 'Alexandra Guseva', 'Minsk, Revolyutsii St., 9', 3, '+375291234584', 28, 59);
INSERT INTO main.staff (id, full_name, address, experience, phone, age, id_rehearsal_point) VALUES (19, 'Viktor Petrovich', 'Minsk, Pervomayskaya St., 14', 5, '+375291234585', 29, 60);
INSERT INTO main.staff (id, full_name, address, experience, phone, age, id_rehearsal_point) VALUES (21, 'Igor Morozov', 'Minsk, Obronaya St., 19', 2, '+375291234587', 24, 62);
INSERT INTO main.staff (id, full_name, address, experience, phone, age, id_rehearsal_point) VALUES (23, 'Natalya Ivanenko', 'Minsk, Karl Marx St., 12', 4, '+375291234589', 26, 53);
INSERT INTO main.staff (id, full_name, address, experience, phone, age, id_rehearsal_point) VALUES (25, 'Sofia Novik', 'Minsk, Gagarina St., 33', 9, '+375291234591', 41, 55);
INSERT INTO main.staff (id, full_name, address, experience, phone, age, id_rehearsal_point) VALUES (26, 'Roman Stepanov', 'Minsk, Koval St., 16', 3, '+375291234592', 27, 56);
INSERT INTO main.staff (id, full_name, address, experience, phone, age, id_rehearsal_point) VALUES (27, 'Igor Lebedev', 'Minsk, Gagarina St., 10', 3, '+375291234604', 28, 63);
INSERT INTO main.staff (id, full_name, address, experience, phone, age, id_rehearsal_point) VALUES (28, 'Maria Morozova', 'Minsk, Frunze St., 25', 2, '+375291234611', 24, 56);
INSERT INTO main.staff (id, full_name, address, experience, phone, age, id_rehearsal_point) VALUES (4, 'Natalia Kuznetsova', 'Minsk, Pobedy Ave., 20', 6, '+375291234570', 32, 55);
INSERT INTO main.staff (id, full_name, address, experience, phone, age, id_rehearsal_point) VALUES (5, 'Igor Moroz', 'Minsk, Sovetskaya St., 15', 3, '+375291234571', 26, 55);
INSERT INTO main.staff (id, full_name, address, experience, phone, age, id_rehearsal_point) VALUES (10, 'Svetlana Pavlova', 'Minsk, Stalingrad St., 50', 5, '+375291234576', 33, 61);
INSERT INTO main.staff (id, full_name, address, experience, phone, age, id_rehearsal_point) VALUES (11, 'Antonina Sergeeva', 'Minsk, Chernomorskaya St., 45', 9, '+375291234577', 36, 54);
INSERT INTO main.staff (id, full_name, address, experience, phone, age, id_rehearsal_point) VALUES (14, 'Mikhail Gromov', 'Minsk, Michurina St., 32', 5, '+375291234580', 27, 54);
INSERT INTO main.staff (id, full_name, address, experience, phone, age, id_rehearsal_point) VALUES (15, 'Elena Romanova', 'Minsk, Lenin St., 3', 10, '+375291234581', 42, 61);
INSERT INTO main.staff (id, full_name, address, experience, phone, age, id_rehearsal_point) VALUES (17, 'Tamara Ivanova', 'Minsk, Gagarina St., 6', 6, '+375291234583', 37, 53);
INSERT INTO main.staff (id, full_name, address, experience, phone, age, id_rehearsal_point) VALUES (20, 'Anastasia Semyonova', 'Minsk, Lenin St., 17', 8, '+375291234586', 39, 58);
INSERT INTO main.staff (id, full_name, address, experience, phone, age, id_rehearsal_point) VALUES (22, 'Valentina Denisova', 'Minsk, Sovetskaya St., 7', 6, '+375291234588', 33, 58);
INSERT INTO main.staff (id, full_name, address, experience, phone, age, id_rehearsal_point) VALUES (24, 'Alexander Zaytsev', 'Minsk, Kuybysheva St., 28', 5, '+375291234590', 30, 53);


DROP TABLE IF EXISTS main.users;
CREATE TABLE main.users (id INTEGER PRIMARY KEY, full_name TEXT, phone VARCHAR(255), email TEXT, registration_date TIMESTAMP);
INSERT INTO main.users (id, full_name, phone, email, registration_date) VALUES (9, 'Andrey Nikiforov', '+375331234575', 'andrey.nikiforov@gmail.com', '2025-06-30 01:37:53');
INSERT INTO main.users (id, full_name, phone, email, registration_date) VALUES (17, 'Alexandra Guseva', '+375331234583', 'alexandra.guseva@gmail.com', '2022-05-20 15:21:19');
INSERT INTO main.users (id, full_name, phone, email, registration_date) VALUES (1, 'Alexey Petrov', '+375291234567', 'alexey.petrov@gmail.com', '2024-07-07 03:07:28');
INSERT INTO main.users (id, full_name, phone, email, registration_date) VALUES (5, 'Igor Moroz', '+375291234571', 'igor.moroz@gmail.com', '2025-11-14 05:43:53');
INSERT INTO main.users (id, full_name, phone, email, registration_date) VALUES (7, 'Vladimir Ivanov', '+375291234573', 'vladimir.ivanov@gmail.com', '2024-08-22 14:39:58');
INSERT INTO main.users (id, full_name, phone, email, registration_date) VALUES (8, 'Maria Orlova', '+375291234574', 'maria.orlova@gmail.com', '2022-09-29 13:36:02');
INSERT INTO main.users (id, full_name, phone, email, registration_date) VALUES (10, 'Svetlana Pavlova', '+375291234576', 'svetlana.pavlova@gmail.com', '2023-09-11 18:24:01');
INSERT INTO main.users (id, full_name, phone, email, registration_date) VALUES (11, 'Antonina Sergeeva', '+375291234577', 'antonina.sergeeva@gmail.com', '2025-03-15 08:30:12');
INSERT INTO main.users (id, full_name, phone, email, registration_date) VALUES (13, 'Yulia Alexandrova', '+375291234579', 'yulia.alexandrova@gmail.com', '2022-09-08 20:17:59');
INSERT INTO main.users (id, full_name, phone, email, registration_date) VALUES (16, 'Dmitry Tikhonov', '+375291234582', 'dmitry.tikhonov@gmail.com', '2024-04-25 21:49:09');
INSERT INTO main.users (id, full_name, phone, email, registration_date) VALUES (20, 'Maxim Frolov', '+375291234600', 'maxim.frolov@gmail.com', '2022-08-13 14:06:00');
INSERT INTO main.users (id, full_name, phone, email, registration_date) VALUES (23, 'Tatiana Sergeyeva', '+375291234603', 'tatiana.sergeyeva@gmail.com', '2023-04-27 21:26:28');
INSERT INTO main.users (id, full_name, phone, email, registration_date) VALUES (24, 'Igor Lebedev', '+375291234604', 'igor.lebedev@gmail.com', '2025-07-28 07:34:59');
INSERT INTO main.users (id, full_name, phone, email, registration_date) VALUES (25, 'Svetlana Lebedeva', '+375291234605', 'svetlana.lebedeva@gmail.com', '2023-06-02 22:13:34');
INSERT INTO main.users (id, full_name, phone, email, registration_date) VALUES (30, 'Andrey Morozov', '+375291234610', 'andrey.morozov@gmail.com', '2022-03-03 06:41:55');
INSERT INTO main.users (id, full_name, phone, email, registration_date) VALUES (31, 'Maria Morozova', '+375291234611', 'maria.morozova@gmail.com', '2023-07-07 07:15:17');
INSERT INTO main.users (id, full_name, phone, email, registration_date) VALUES (4, 'Natalia Kuznetsova', '+375291234570', 'natalia.kuznetsova@outlook.com', '2023-11-15 14:02:59');
INSERT INTO main.users (id, full_name, phone, email, registration_date) VALUES (6, 'Olga Smirnova', '+375291234572', 'olga.smirnova@mail.ru', '2024-11-02 08:54:43');
INSERT INTO main.users (id, full_name, phone, email, registration_date) VALUES (14, 'Mikhail Gromov', '+375291234580', 'mikhail.gromov@vk.com', '2023-01-09 00:17:56');
INSERT INTO main.users (id, full_name, phone, email, registration_date) VALUES (15, 'Elena Romanova', '+375291234581', 'elena.romanova@mail.ru', '2024-08-23 11:02:37');
INSERT INTO main.users (id, full_name, phone, email, registration_date) VALUES (22, 'Dmitry Sergeyev', '+375291234602', 'dmitry.sergeyev@inbox.ru', '2024-06-27 06:54:58');
INSERT INTO main.users (id, full_name, phone, email, registration_date) VALUES (21, 'Anna Frolova', '+375331234601', 'anna.frolova@vk.com', '2025-07-05 22:37:58');
INSERT INTO main.users (id, full_name, phone, email, registration_date) VALUES (2, 'Darya Ivanova', '+375331234568', 'darya.ivanova@mail.ru', '2023-11-26 13:57:36');
INSERT INTO main.users (id, full_name, phone, email, registration_date) VALUES (29, 'Olga Petrova', '+375331234609', 'olga.petrova@gmail.com', '2023-01-19 00:16:13');
INSERT INTO main.users (id, full_name, phone, email, registration_date) VALUES (18, 'Viktor Petrovich', '+375331234584', 'viktor.petrovich@gmail.com', '2023-05-29 01:30:58');
INSERT INTO main.users (id, full_name, phone, email, registration_date) VALUES (3, 'Sergey Sokolov', '+375331234569', 'sergey.sokolov@outlook.com', '2022-03-14 13:44:49');
INSERT INTO main.users (id, full_name, phone, email, registration_date) VALUES (12, 'Kirill Fedorov', '+375441234578', 'kirill.fedorov@inbox.ru', '2024-04-06 17:39:43');
INSERT INTO main.users (id, full_name, phone, email, registration_date) VALUES (19, 'Anastasia Semyonova', '+375441234585', 'anastasia.semyonova@mail.ru', '2022-07-13 10:38:10');
INSERT INTO main.users (id, full_name, phone, email, registration_date) VALUES (26, 'Yuri Smirnov', '+375331234606', 'yuri.smirnov@gmail.com', '2022-06-27 01:35:44');
INSERT INTO main.users (id, full_name, phone, email, registration_date) VALUES (28, 'Vladimir Petrov', '+375331234608', 'vladimir.petrov@gmail.com', '2025-05-31 15:55:49');
INSERT INTO main.users (id, full_name, phone, email, registration_date) VALUES (27, 'Elena Smirnova', '+375291234607', 'elena.smirnova@mail.ru', '2025-11-18 23:21:17');


DROP TABLE IF EXISTS main.service_booking;
CREATE TABLE main.service_booking (id_service INTEGER, id_booking INTEGER);
INSERT INTO main.service_booking (id_service, id_booking) VALUES (1, 28);
INSERT INTO main.service_booking (id_service, id_booking) VALUES (2, 29);
INSERT INTO main.service_booking (id_service, id_booking) VALUES (3, 30);
INSERT INTO main.service_booking (id_service, id_booking) VALUES (4, 31);
INSERT INTO main.service_booking (id_service, id_booking) VALUES (5, 32);
INSERT INTO main.service_booking (id_service, id_booking) VALUES (6, 33);
INSERT INTO main.service_booking (id_service, id_booking) VALUES (7, 34);
INSERT INTO main.service_booking (id_service, id_booking) VALUES (8, 35);
INSERT INTO main.service_booking (id_service, id_booking) VALUES (9, 36);
INSERT INTO main.service_booking (id_service, id_booking) VALUES (10, 37);
INSERT INTO main.service_booking (id_service, id_booking) VALUES (11, 38);
INSERT INTO main.service_booking (id_service, id_booking) VALUES (12, 39);
INSERT INTO main.service_booking (id_service, id_booking) VALUES (13, 40);
INSERT INTO main.service_booking (id_service, id_booking) VALUES (14, 41);
INSERT INTO main.service_booking (id_service, id_booking) VALUES (15, 42);
INSERT INTO main.service_booking (id_service, id_booking) VALUES (16, 43);
INSERT INTO main.service_booking (id_service, id_booking) VALUES (17, 44);
INSERT INTO main.service_booking (id_service, id_booking) VALUES (18, 45);
INSERT INTO main.service_booking (id_service, id_booking) VALUES (19, 46);
INSERT INTO main.service_booking (id_service, id_booking) VALUES (20, 47);
INSERT INTO main.service_booking (id_service, id_booking) VALUES (21, 48);
INSERT INTO main.service_booking (id_service, id_booking) VALUES (22, 49);
INSERT INTO main.service_booking (id_service, id_booking) VALUES (24, 51);
INSERT INTO main.service_booking (id_service, id_booking) VALUES (25, 52);
INSERT INTO main.service_booking (id_service, id_booking) VALUES (26, 53);
INSERT INTO main.service_booking (id_service, id_booking) VALUES (27, 54);
INSERT INTO main.service_booking (id_service, id_booking) VALUES (3, 28);
INSERT INTO main.service_booking (id_service, id_booking) VALUES (9, 30);
INSERT INTO main.service_booking (id_service, id_booking) VALUES (17, 34);
INSERT INTO main.service_booking (id_service, id_booking) VALUES (22, 50);
INSERT INTO main.service_booking (id_service, id_booking) VALUES (8, 31);
INSERT INTO main.service_booking (id_service, id_booking) VALUES (22, 51);
INSERT INTO main.service_booking (id_service, id_booking) VALUES (25, 39);
INSERT INTO main.service_booking (id_service, id_booking) VALUES (23, 50);
INSERT INTO main.service_booking (id_service, id_booking) VALUES (21, 50);


DROP TABLE IF EXISTS main.equipment_booking;
CREATE TABLE main.equipment_booking (id_equipment INTEGER, id_booking INTEGER);
INSERT INTO main.equipment_booking (id_equipment, id_booking) VALUES (1, 28);
INSERT INTO main.equipment_booking (id_equipment, id_booking) VALUES (2, 29);
INSERT INTO main.equipment_booking (id_equipment, id_booking) VALUES (3, 30);
INSERT INTO main.equipment_booking (id_equipment, id_booking) VALUES (4, 31);
INSERT INTO main.equipment_booking (id_equipment, id_booking) VALUES (5, 32);
INSERT INTO main.equipment_booking (id_equipment, id_booking) VALUES (6, 33);
INSERT INTO main.equipment_booking (id_equipment, id_booking) VALUES (7, 34);
INSERT INTO main.equipment_booking (id_equipment, id_booking) VALUES (8, 35);
INSERT INTO main.equipment_booking (id_equipment, id_booking) VALUES (9, 36);
INSERT INTO main.equipment_booking (id_equipment, id_booking) VALUES (10, 37);
INSERT INTO main.equipment_booking (id_equipment, id_booking) VALUES (11, 38);
INSERT INTO main.equipment_booking (id_equipment, id_booking) VALUES (12, 39);
INSERT INTO main.equipment_booking (id_equipment, id_booking) VALUES (13, 40);
INSERT INTO main.equipment_booking (id_equipment, id_booking) VALUES (14, 41);
INSERT INTO main.equipment_booking (id_equipment, id_booking) VALUES (15, 42);
INSERT INTO main.equipment_booking (id_equipment, id_booking) VALUES (16, 43);
INSERT INTO main.equipment_booking (id_equipment, id_booking) VALUES (17, 44);
INSERT INTO main.equipment_booking (id_equipment, id_booking) VALUES (18, 45);
INSERT INTO main.equipment_booking (id_equipment, id_booking) VALUES (19, 46);
INSERT INTO main.equipment_booking (id_equipment, id_booking) VALUES (20, 47);
INSERT INTO main.equipment_booking (id_equipment, id_booking) VALUES (21, 48);
INSERT INTO main.equipment_booking (id_equipment, id_booking) VALUES (22, 49);
INSERT INTO main.equipment_booking (id_equipment, id_booking) VALUES (23, 50);
INSERT INTO main.equipment_booking (id_equipment, id_booking) VALUES (24, 51);
INSERT INTO main.equipment_booking (id_equipment, id_booking) VALUES (25, 52);
INSERT INTO main.equipment_booking (id_equipment, id_booking) VALUES (26, 53);
INSERT INTO main.equipment_booking (id_equipment, id_booking) VALUES (27, 54);
INSERT INTO main.equipment_booking (id_equipment, id_booking) VALUES (5, 28);
INSERT INTO main.equipment_booking (id_equipment, id_booking) VALUES (8, 30);
INSERT INTO main.equipment_booking (id_equipment, id_booking) VALUES (14, 34);
INSERT INTO main.equipment_booking (id_equipment, id_booking) VALUES (19, 50);
INSERT INTO main.equipment_booking (id_equipment, id_booking) VALUES (19, 45);


DROP TABLE IF EXISTS main.booking;
CREATE TABLE main.booking (id INTEGER PRIMARY KEY, time TIMESTAMP, cost INTEGER, creation_date TIMESTAMP, status VARCHAR(255), number_of_people INTEGER, id_room INTEGER, id_user INTEGER, duration INTEGER);
INSERT INTO main.booking (id, time, cost, creation_date, status, number_of_people, id_user, duration) VALUES (39, '2025-02-25 06:14:48', 35, '2025-02-23 13:45:49', 'completed', 6, 12, 2);
INSERT INTO main.booking (id, time, cost, creation_date, status, number_of_people, id_user, duration) VALUES (29, '2023-03-05 10:30:00', 30, '2023-03-04 08:57:23', 'canceled', 2, 2, 1);
INSERT INTO main.booking (id, time, cost, creation_date, status, number_of_people, id_user, duration) VALUES (31, '2025-03-09 11:24:40', 25, '2025-03-03 13:52:31', 'active', 3, 4, 1);
INSERT INTO main.booking (id, time, cost, creation_date, status, number_of_people, id_user, duration) VALUES (30, '2025-02-28 12:31:47', 70, '2025-02-21 18:03:32', 'completed', 6, 3, 3);
INSERT INTO main.booking (id, time, cost, creation_date, status, number_of_people, id_user, duration) VALUES (32, '2025-03-29 00:12:05', 45, '2025-03-23 00:58:25', 'active', 5, 5, 4);
INSERT INTO main.booking (id, time, cost, creation_date, status, number_of_people, id_user, duration) VALUES (33, '2025-02-27 08:08:26', 15, '2025-02-25 12:16:31', 'completed', 1, 6, 2);
INSERT INTO main.booking (id, time, cost, creation_date, status, number_of_people, id_user, duration) VALUES (35, '2025-03-10 13:56:02', 60, '2025-03-04 14:27:17', 'active', 8, 8, 1);
INSERT INTO main.booking (id, time, cost, creation_date, status, number_of_people, id_user, duration) VALUES (36, '2025-02-28 01:53:12', 40, '2025-02-27 00:02:05', 'completed', 4, 9, 2);
INSERT INTO main.booking (id, time, cost, creation_date, status, number_of_people, id_user, duration) VALUES (37, '2025-03-17 08:23:14', 55, '2025-03-10 12:33:10', 'active', 3, 10, 3);
INSERT INTO main.booking (id, time, cost, creation_date, status, number_of_people, id_user, duration) VALUES (40, '2025-03-23 21:14:47', 65, '2025-03-18 13:24:11', 'active', 5, 13, 4);
INSERT INTO main.booking (id, time, cost, creation_date, status, number_of_people, id_user, duration) VALUES (41, '2025-03-22 21:17:41', 50, '2025-03-21 19:26:59', 'active', 1, 14, 3);
INSERT INTO main.booking (id, time, cost, creation_date, status, number_of_people, id_user, duration) VALUES (43, '2023-03-17 10:00:00', 75, '2023-03-14 06:06:39', 'canceled', 2, 16, 1);
INSERT INTO main.booking (id, time, cost, creation_date, status, number_of_people, id_user, duration) VALUES (50, '2025-03-09 08:15:57', 40, '2025-03-08 00:03:31', 'active', 3, 23, 2);
INSERT INTO main.booking (id, time, cost, creation_date, status, number_of_people, id_user, duration) VALUES (54, '2025-02-26 08:48:56', 50, '2025-02-23 16:30:00', 'completed', 8, 27, 1);
INSERT INTO main.booking (id, time, cost, creation_date, status, number_of_people, id_user, duration) VALUES (49, '2025-03-19 08:40:56', 80, '2025-03-14 21:30:30', 'active', 5, 22, 1);
INSERT INTO main.booking (id, time, cost, creation_date, status, number_of_people, id_user, duration) VALUES (46, '2025-03-16 12:10:03', 65, '2025-03-09 18:00:03', 'active', 7, 19, 2);
INSERT INTO main.booking (id, time, cost, creation_date, status, number_of_people, id_user, duration) VALUES (44, '2025-03-18 01:12:44', 45, '2025-03-11 21:07:32', 'active', 4, 17, 3);
INSERT INTO main.booking (id, time, cost, creation_date, status, number_of_people, id_user, duration) VALUES (47, '2023-03-21 09:45:00', 15, '2023-03-21 04:09:03', 'canceled', 1, 20, 4);
INSERT INTO main.booking (id, time, cost, creation_date, status, number_of_people, id_user, duration) VALUES (45, '2025-02-21 19:34:14', 30, '2025-02-21 13:06:34', 'completed', 8, 18, 1);
INSERT INTO main.booking (id, time, cost, creation_date, status, number_of_people, id_user, duration) VALUES (48, '2025-03-03 23:52:22', 55, '2025-03-03 04:31:16', 'completed', 6, 21, 3);
INSERT INTO main.booking (id, time, cost, creation_date, status, number_of_people, id_user, duration) VALUES (51, '2025-03-07 10:43:42', 20, '2025-03-05 11:07:54', 'completed', 2, 24, 4);
INSERT INTO main.booking (id, time, cost, creation_date, status, number_of_people, id_user, duration) VALUES (52, '2023-03-26 15:00:00', 60, '2023-03-25 18:21:18', 'canceled', 4, 25, 3);
INSERT INTO main.booking (id, time, cost, creation_date, status, number_of_people, id_user, duration) VALUES (28, '2025-03-26 10:15:20', 50, '2025-03-19 14:05:51', 'active', 4, 1, 2);
INSERT INTO main.booking (id, time, cost, creation_date, status, number_of_people, id_user, duration) VALUES (42, '2025-02-26 13:34:38', 10, '2025-02-20 13:26:06', 'completed', 3, 15, 2);
INSERT INTO main.booking (id, time, cost, creation_date, status, number_of_people, id_user, duration) VALUES (34, '2023-03-08 09:00:00', 80, '2023-03-03 23:36:38', 'canceled', 7, 7, 3);
INSERT INTO main.booking (id, time, cost, creation_date, status, number_of_people, id_user, duration) VALUES (38, '2023-03-12 09:30:00', 20, '2023-03-10 17:25:31', 'canceled', 2, 11, 1);
INSERT INTO main.booking (id, time, cost, creation_date, status, number_of_people, id_user, duration) VALUES (53, '2025-03-29 11:24:44', 35, '2025-03-28 14:29:08', 'active', 7, 26, 2);


DROP TABLE IF EXISTS main.service;
CREATE TABLE main.service (id INTEGER PRIMARY KEY, name TEXT, price INTEGER, type TEXT, requirements TEXT, id_rehearsal_point INTEGER);
INSERT INTO main.service (id, name, price, type, requirements, id_rehearsal_point) VALUES (1, 'Synthesizer Rental', 30, 'Rental', 'None', 53);
INSERT INTO main.service (id, name, price, type, requirements, id_rehearsal_point) VALUES (3, 'Combo Amplifier Rental', 40, 'Rental', 'None', 53);
INSERT INTO main.service (id, name, price, type, requirements, id_rehearsal_point) VALUES (4, 'Mixing Service', 150, 'Recording', 'DAW, audio interface, monitors', 54);
INSERT INTO main.service (id, name, price, type, requirements, id_rehearsal_point) VALUES (5, 'Mastering Service', 200, 'Recording', 'High-quality monitors, specialized software', 54);
INSERT INTO main.service (id, name, price, type, requirements, id_rehearsal_point) VALUES (6, 'Sound Recording', 180, 'Recording', 'Microphones, audio interface, soundproofing', 54);
INSERT INTO main.service (id, name, price, type, requirements, id_rehearsal_point) VALUES (7, 'Vocal Recording', 150, 'Recording', 'Microphones, pop filter, headphones', 55);
INSERT INTO main.service (id, name, price, type, requirements, id_rehearsal_point) VALUES (8, 'Guitar Rental', 20, 'Rental', 'None', 55);
INSERT INTO main.service (id, name, price, type, requirements, id_rehearsal_point) VALUES (9, 'Drum Kit Rental', 35, 'Rental', 'None', 55);
INSERT INTO main.service (id, name, price, type, requirements, id_rehearsal_point) VALUES (10, 'Keyboard Rental', 30, 'Rental', 'None', 56);
INSERT INTO main.service (id, name, price, type, requirements, id_rehearsal_point) VALUES (11, 'Mixing Service', 160, 'Recording', 'DAW, audio interface, monitors', 56);
INSERT INTO main.service (id, name, price, type, requirements, id_rehearsal_point) VALUES (12, 'Live Sound Engineering', 200, 'Recording', 'PA system, microphones, mixing console', 56);
INSERT INTO main.service (id, name, price, type, requirements, id_rehearsal_point) VALUES (13, 'Sound Design', 180, 'Recording', 'Synthesizers, effects, DAW', 57);
INSERT INTO main.service (id, name, price, type, requirements, id_rehearsal_point) VALUES (14, 'Acoustic Treatment', 50, 'Rental', 'Acoustic panels, bass traps', 57);
INSERT INTO main.service (id, name, price, type, requirements, id_rehearsal_point) VALUES (15, 'Microphone Rental', 15, 'Rental', 'None', 58);
INSERT INTO main.service (id, name, price, type, requirements, id_rehearsal_point) VALUES (16, 'Piano Rental', 40, 'Rental', 'None', 58);
INSERT INTO main.service (id, name, price, type, requirements, id_rehearsal_point) VALUES (17, 'Bass Guitar Rental', 25, 'Rental', 'None', 58);
INSERT INTO main.service (id, name, price, type, requirements, id_rehearsal_point) VALUES (19, 'Podcast Recording', 150, 'Recording', 'Microphones, soundproofing', 59);
INSERT INTO main.service (id, name, price, type, requirements, id_rehearsal_point) VALUES (20, 'Home Studio Setup', 200, 'Recording', 'Monitors, audio interface, software', 59);
INSERT INTO main.service (id, name, price, type, requirements, id_rehearsal_point) VALUES (22, 'Drum Recording', 160, 'Recording', 'Microphones, soundproofing', 60);
INSERT INTO main.service (id, name, price, type, requirements, id_rehearsal_point) VALUES (23, 'Bass Mixing', 170, 'Recording', 'DAW, effects plugins', 60);
INSERT INTO main.service (id, name, price, type, requirements, id_rehearsal_point) VALUES (24, 'Guitar Mixing', 150, 'Recording', 'DAW, effects plugins', 61);
INSERT INTO main.service (id, name, price, type, requirements, id_rehearsal_point) VALUES (25, 'Loop Rental', 10, 'Rental', 'None', 61);
INSERT INTO main.service (id, name, price, type, requirements, id_rehearsal_point) VALUES (26, 'Audio Interface Rental', 25, 'Rental', 'None', 62);
INSERT INTO main.service (id, name, price, type, requirements, id_rehearsal_point) VALUES (28, 'Sample Library Access', 20, 'Rental', 'None', 62);
INSERT INTO main.service (id, name, price, type, requirements, id_rehearsal_point) VALUES (18, 'Mixing Service', 120, 'Recording', 'DAW, editing software', 59);
INSERT INTO main.service (id, name, price, type, requirements, id_rehearsal_point) VALUES (21, 'Mixing Service', 180, 'Recording', 'DAW, effects plugins', 60);
INSERT INTO main.service (id, name, price, type, requirements, id_rehearsal_point) VALUES (27, 'Mixing Service', 150, 'Recording', 'Synthesizer, DAW', 62);
INSERT INTO main.service (id, name, price, type, requirements, id_rehearsal_point) VALUES (2, 'Bass Rental', 30, 'Rental', 'The bass player', 54);
INSERT INTO main.service (id, name, price, type, requirements, id_rehearsal_point) VALUES (29, 'Mixing Service', 35, 'Recording', 'DAW, audio interface, monitors', 62);
INSERT INTO main.service (id, name, price, type, requirements, id_rehearsal_point) VALUES (30, 'Drum Recording', 45, 'Recording', 'Drum Kit', 63);


