<?xml version="1.0" ?>
<LOG_ROOT>
	<PROJECT NAME="lab1">
		<CBX_INST_ENTRY INSTANCE_NAME="|lab1|arbitrator:inst2|lpm_counter0:inst|lpm_counter:lpm_counter_component" CBX_FILE_NAME="cntr_sej.tdf"/>
		<CBX_INST_ENTRY INSTANCE_NAME="|lab1|arbitrator:inst2|lpm_mux0:inst2|lpm_mux:lpm_mux_component" CBX_FILE_NAME="mux_unc.tdf"/>
		<CBX_INST_ENTRY INSTANCE_NAME="|lab1|lpm_constant15:inst13|lpm_constant:lpm_constant_component" CBX_FILE_NAME="lpm_constant_ch6.tdf"/>
		<CBX_INST_ENTRY INSTANCE_NAME="|lab1|master:inst4|lpm_counter6:inst6|lpm_counter:lpm_counter_component" CBX_FILE_NAME="cntr_tsj.tdf"/>
		<CBX_INST_ENTRY INSTANCE_NAME="|lab1|lpm_constant1:inst11|lpm_constant:lpm_constant_component" CBX_FILE_NAME="lpm_constant_8e6.tdf"/>
		<CBX_INST_ENTRY INSTANCE_NAME="|lab1|lpm_constant2:inst14|lpm_constant:lpm_constant_component" CBX_FILE_NAME="lpm_constant_2g6.tdf"/>
		<CBX_INST_ENTRY INSTANCE_NAME="|lab1|lpm_constant4:inst16|lpm_constant:lpm_constant_component" CBX_FILE_NAME="lpm_constant_6e6.tdf"/>
		<CBX_INST_ENTRY INSTANCE_NAME="|lab1|lpm_decode0:inst10|lpm_decode:lpm_decode_component" CBX_FILE_NAME="decode_5sf.tdf"/>
		<CBX_INST_ENTRY INSTANCE_NAME="|lab1|arbitrator:inst2|lpm_compare0:inst10|lpm_compare:lpm_compare_component" CBX_FILE_NAME="cmpr_27h.tdf"/>
		<CBX_INST_ENTRY INSTANCE_NAME="|lab1|arbitrator:inst2|lpm_compare0:inst5|lpm_compare:lpm_compare_component" CBX_FILE_NAME="cmpr_27h.tdf"/>
		<CBX_INST_ENTRY INSTANCE_NAME="|lab1|arbitrator:inst2|lpm_compare0:inst9|lpm_compare:lpm_compare_component" CBX_FILE_NAME="cmpr_27h.tdf"/>
		<CBX_INST_ENTRY INSTANCE_NAME="|lab1|arbitrator:inst2|lpm_constant0:inst4|lpm_constant:lpm_constant_component" CBX_FILE_NAME="lpm_constant_eh6.tdf"/>
		<CBX_INST_ENTRY INSTANCE_NAME="|lab1|arbitrator:inst2|lpm_constant10:inst3|lpm_constant:lpm_constant_component" CBX_FILE_NAME="lpm_constant_bh6.tdf"/>
		<CBX_INST_ENTRY INSTANCE_NAME="|lab1|arbitrator:inst2|lpm_counter5:inst1|lpm_counter:lpm_counter_component" CBX_FILE_NAME="cntr_pvi.tdf"/>
		<CBX_INST_ENTRY INSTANCE_NAME="|lab1|arbitrator:inst2|lpm_constant11:inst7|lpm_constant:lpm_constant_component" CBX_FILE_NAME="lpm_constant_1g6.tdf"/>
		<CBX_INST_ENTRY INSTANCE_NAME="|lab1|arbitrator:inst2|lpm_counter1:inst37|lpm_counter:lpm_counter_component" CBX_FILE_NAME="cntr_tsj.tdf"/>
		<CBX_INST_ENTRY INSTANCE_NAME="|lab1|lpm_constant3:inst15|lpm_constant:lpm_constant_component" CBX_FILE_NAME="lpm_constant_tf6.tdf"/>
		<CBX_INST_ENTRY INSTANCE_NAME="|lab1|lpm_constant5:inst17|lpm_constant:lpm_constant_component" CBX_FILE_NAME="lpm_constant_9e6.tdf"/>
		<CBX_INST_ENTRY INSTANCE_NAME="|lab1|master:inst3|lpm_counter6:inst6|lpm_counter:lpm_counter_component" CBX_FILE_NAME="cntr_tsj.tdf"/>
		<CBX_INST_ENTRY INSTANCE_NAME="|lab1|master:inst|lpm_counter6:inst6|lpm_counter:lpm_counter_component" CBX_FILE_NAME="cntr_tsj.tdf"/>
	</PROJECT>
</LOG_ROOT>
