<?xml version="1.0" ?>
<LOG_ROOT>
	<PROJECT NAME="lab4">
		<CBX_INST_ENTRY INSTANCE_NAME="|lab4|cpu:inst2|lpm_constant0:inst27|lpm_constant:lpm_constant_component" CBX_FILE_NAME="lpm_constant_qf6.tdf"/>
		<CBX_INST_ENTRY INSTANCE_NAME="|lab4|cpu:inst2|lpm_counter0:inst7|lpm_counter:lpm_counter_component" CBX_FILE_NAME="cntr_s3i.tdf"/>
		<CBX_INST_ENTRY INSTANCE_NAME="|lab4|cpu:inst2|lpm_counter1:inst11|lpm_counter:lpm_counter_component" CBX_FILE_NAME="cntr_oki.tdf"/>
		<CBX_INST_ENTRY INSTANCE_NAME="|lab4|rom:inst1|lpm_rom0:inst|altsyncram:altsyncram_component" CBX_FILE_NAME="altsyncram_1i71.tdf"/>
		<CBX_INST_ENTRY INSTANCE_NAME="|lab4|cpu:inst2|lpm_add_sub0:inst40|lpm_add_sub:lpm_add_sub_component" CBX_FILE_NAME="add_sub_dlh.tdf"/>
		<CBX_INST_ENTRY INSTANCE_NAME="|lab4|cpu:inst2|lpm_decode0:inst6|lpm_decode:lpm_decode_component" CBX_FILE_NAME="decode_e9f.tdf"/>
		<CBX_INST_ENTRY INSTANCE_NAME="|lab4|cpu:inst2|lpm_decode1:inst21|lpm_decode:lpm_decode_component" CBX_FILE_NAME="decode_0sf.tdf"/>
		<CBX_INST_ENTRY INSTANCE_NAME="|lab4|cpu:inst2|lpm_decode2:inst22|lpm_decode:lpm_decode_component" CBX_FILE_NAME="decode_e9f.tdf"/>
		<CBX_INST_ENTRY INSTANCE_NAME="|lab4|cpu:inst2|lpm_mux1:inst14|lpm_mux:lpm_mux_component" CBX_FILE_NAME="mux_vnc.tdf"/>
		<CBX_INST_ENTRY INSTANCE_NAME="|lab4|cpu:inst2|lpm_mux3:inst18|lpm_mux:lpm_mux_component" CBX_FILE_NAME="mux_unc.tdf"/>
		<CBX_INST_ENTRY INSTANCE_NAME="|lab4|ram:inst|lpm_ram_dq0:inst|altsyncram:altsyncram_component" CBX_FILE_NAME="altsyncram_mkc1.tdf"/>
		<CBX_INST_ENTRY INSTANCE_NAME="|lab4|registers:inst8|lpm_mux0:inst5|lpm_mux:lpm_mux_component" CBX_FILE_NAME="mux_1oc.tdf"/>
	</PROJECT>
</LOG_ROOT>
