--
-- PostgreSQL database dump
--

-- Dumped from database version 17.5
-- Dumped by pg_dump version 17.5

-- Started on 2025-09-10 23:00:40

SET statement_timeout = 0;
SET lock_timeout = 0;
SET idle_in_transaction_session_timeout = 0;
SET transaction_timeout = 0;
SET client_encoding = 'UTF8';
SET standard_conforming_strings = on;
SELECT pg_catalog.set_config('search_path', '', false);
SET check_function_bodies = false;
SET xmloption = content;
SET client_min_messages = warning;
SET row_security = off;

DROP DATABASE IF EXISTS rehearsal_studio;
--
-- TOC entry 4986 (class 1262 OID 24823)
-- Name: rehearsal_studio; Type: DATABASE; Schema: -; Owner: postgres
--

CREATE DATABASE rehearsal_studio WITH TEMPLATE = template0 ENCODING = 'UTF8' LOCALE_PROVIDER = libc LOCALE = 'Russian_Belarus.utf8';


ALTER DATABASE rehearsal_studio OWNER TO postgres;

\connect rehearsal_studio

SET statement_timeout = 0;
SET lock_timeout = 0;
SET idle_in_transaction_session_timeout = 0;
SET transaction_timeout = 0;
SET client_encoding = 'UTF8';
SET standard_conforming_strings = on;
SELECT pg_catalog.set_config('search_path', '', false);
SET check_function_bodies = false;
SET xmloption = content;
SET client_min_messages = warning;
SET row_security = off;

--
-- TOC entry 6 (class 2615 OID 24829)
-- Name: main; Type: SCHEMA; Schema: -; Owner: postgres
--

CREATE SCHEMA main;


ALTER SCHEMA main OWNER TO postgres;

SET default_tablespace = '';

SET default_table_access_method = heap;

--
-- TOC entry 232 (class 1259 OID 24899)
-- Name: booking; Type: TABLE; Schema: main; Owner: postgres
--

CREATE TABLE main.booking (
    "Id" integer NOT NULL,
    "Time" timestamp with time zone NOT NULL,
    "Duration" integer,
    "Cost" integer NOT NULL,
    "CreationDate" timestamp with time zone NOT NULL,
    "Status" text NOT NULL,
    "NumberOfPeople" integer NOT NULL,
    "IdRoom" integer,
    "IdUser" integer
);


ALTER TABLE main.booking OWNER TO postgres;

--
-- TOC entry 231 (class 1259 OID 24898)
-- Name: booking_Id_seq; Type: SEQUENCE; Schema: main; Owner: postgres
--

ALTER TABLE main.booking ALTER COLUMN "Id" ADD GENERATED BY DEFAULT AS IDENTITY (
    SEQUENCE NAME main."booking_Id_seq"
    START WITH 1
    INCREMENT BY 1
    NO MINVALUE
    NO MAXVALUE
    CACHE 1
);


--
-- TOC entry 224 (class 1259 OID 24847)
-- Name: equipment; Type: TABLE; Schema: main; Owner: postgres
--

CREATE TABLE main.equipment (
    "Id" integer NOT NULL,
    "Name" text NOT NULL,
    "Type" text NOT NULL,
    "Brand" text NOT NULL,
    "Model" text NOT NULL,
    "Condition" text NOT NULL,
    "IdRehearsalPoint" integer
);


ALTER TABLE main.equipment OWNER TO postgres;

--
-- TOC entry 223 (class 1259 OID 24846)
-- Name: equipment_Id_seq; Type: SEQUENCE; Schema: main; Owner: postgres
--

ALTER TABLE main.equipment ALTER COLUMN "Id" ADD GENERATED BY DEFAULT AS IDENTITY (
    SEQUENCE NAME main."equipment_Id_seq"
    START WITH 1
    INCREMENT BY 1
    NO MINVALUE
    NO MAXVALUE
    CACHE 1
);


--
-- TOC entry 233 (class 1259 OID 24916)
-- Name: equipment_booking; Type: TABLE; Schema: main; Owner: postgres
--

CREATE TABLE main.equipment_booking (
    "IdEquipment" integer NOT NULL,
    "IdBooking" integer NOT NULL
);


ALTER TABLE main.equipment_booking OWNER TO postgres;

--
-- TOC entry 220 (class 1259 OID 24831)
-- Name: rehearsal_points; Type: TABLE; Schema: main; Owner: postgres
--

CREATE TABLE main.rehearsal_points (
    "Id" integer NOT NULL,
    "Rating" real,
    "ContactNumber" text NOT NULL,
    "Schedule" text NOT NULL,
    "Name" text NOT NULL,
    "Address" text NOT NULL
);


ALTER TABLE main.rehearsal_points OWNER TO postgres;

--
-- TOC entry 219 (class 1259 OID 24830)
-- Name: rehearsal_points_Id_seq; Type: SEQUENCE; Schema: main; Owner: postgres
--

ALTER TABLE main.rehearsal_points ALTER COLUMN "Id" ADD GENERATED BY DEFAULT AS IDENTITY (
    SEQUENCE NAME main."rehearsal_points_Id_seq"
    START WITH 1
    INCREMENT BY 1
    NO MINVALUE
    NO MAXVALUE
    CACHE 1
);


--
-- TOC entry 226 (class 1259 OID 24860)
-- Name: rooms; Type: TABLE; Schema: main; Owner: postgres
--

CREATE TABLE main.rooms (
    "Id" integer NOT NULL,
    "Name" text NOT NULL,
    "AirConditioner" boolean NOT NULL,
    "Price" integer NOT NULL,
    "RecordingSupport" boolean NOT NULL,
    "Area" integer NOT NULL,
    "IdRehearsalPoint" integer
);


ALTER TABLE main.rooms OWNER TO postgres;

--
-- TOC entry 225 (class 1259 OID 24859)
-- Name: rooms_Id_seq; Type: SEQUENCE; Schema: main; Owner: postgres
--

ALTER TABLE main.rooms ALTER COLUMN "Id" ADD GENERATED BY DEFAULT AS IDENTITY (
    SEQUENCE NAME main."rooms_Id_seq"
    START WITH 1
    INCREMENT BY 1
    NO MINVALUE
    NO MAXVALUE
    CACHE 1
);


--
-- TOC entry 228 (class 1259 OID 24873)
-- Name: service; Type: TABLE; Schema: main; Owner: postgres
--

CREATE TABLE main.service (
    "Id" integer NOT NULL,
    "Name" text NOT NULL,
    "Price" integer NOT NULL,
    "Type" text NOT NULL,
    "Requirements" text,
    "IdRehearsalPoint" integer
);


ALTER TABLE main.service OWNER TO postgres;

--
-- TOC entry 227 (class 1259 OID 24872)
-- Name: service_Id_seq; Type: SEQUENCE; Schema: main; Owner: postgres
--

ALTER TABLE main.service ALTER COLUMN "Id" ADD GENERATED BY DEFAULT AS IDENTITY (
    SEQUENCE NAME main."service_Id_seq"
    START WITH 1
    INCREMENT BY 1
    NO MINVALUE
    NO MAXVALUE
    CACHE 1
);


--
-- TOC entry 234 (class 1259 OID 24931)
-- Name: service_booking; Type: TABLE; Schema: main; Owner: postgres
--

CREATE TABLE main.service_booking (
    "IdService" integer NOT NULL,
    "IdBooking" integer NOT NULL
);


ALTER TABLE main.service_booking OWNER TO postgres;

--
-- TOC entry 230 (class 1259 OID 24886)
-- Name: staff; Type: TABLE; Schema: main; Owner: postgres
--

CREATE TABLE main.staff (
    "Id" integer NOT NULL,
    "FullName" text NOT NULL,
    "Address" text,
    "Experience" integer,
    "Phone" text NOT NULL,
    "Age" integer NOT NULL,
    "IdRehearsalPoint" integer
);


ALTER TABLE main.staff OWNER TO postgres;

--
-- TOC entry 229 (class 1259 OID 24885)
-- Name: staff_Id_seq; Type: SEQUENCE; Schema: main; Owner: postgres
--

ALTER TABLE main.staff ALTER COLUMN "Id" ADD GENERATED BY DEFAULT AS IDENTITY (
    SEQUENCE NAME main."staff_Id_seq"
    START WITH 1
    INCREMENT BY 1
    NO MINVALUE
    NO MAXVALUE
    CACHE 1
);


--
-- TOC entry 222 (class 1259 OID 24839)
-- Name: users; Type: TABLE; Schema: main; Owner: postgres
--

CREATE TABLE main.users (
    "Id" integer NOT NULL,
    "FullName" text NOT NULL,
    "Phone" text NOT NULL,
    "Email" text NOT NULL,
    "RegistrationDate" timestamp with time zone NOT NULL
);


ALTER TABLE main.users OWNER TO postgres;

--
-- TOC entry 221 (class 1259 OID 24838)
-- Name: users_Id_seq; Type: SEQUENCE; Schema: main; Owner: postgres
--

ALTER TABLE main.users ALTER COLUMN "Id" ADD GENERATED BY DEFAULT AS IDENTITY (
    SEQUENCE NAME main."users_Id_seq"
    START WITH 1
    INCREMENT BY 1
    NO MINVALUE
    NO MAXVALUE
    CACHE 1
);


--
-- TOC entry 4978 (class 0 OID 24899)
-- Dependencies: 232
-- Data for Name: booking; Type: TABLE DATA; Schema: main; Owner: postgres
--

INSERT INTO main.booking ("Id", "Time", "Duration", "Cost", "CreationDate", "Status", "NumberOfPeople", "IdRoom", "IdUser") VALUES (1, '2025-09-11 17:00:00+03', 120, 80, '2025-09-10 13:00:00+03', 'Confirmed', 4, 2, 1) ON CONFLICT DO NOTHING;
INSERT INTO main.booking ("Id", "Time", "Duration", "Cost", "CreationDate", "Status", "NumberOfPeople", "IdRoom", "IdUser") VALUES (2, '2025-09-11 19:00:00+03', 60, 30, '2025-09-10 14:00:00+03', 'Pending', 2, 3, 2) ON CONFLICT DO NOTHING;
INSERT INTO main.booking ("Id", "Time", "Duration", "Cost", "CreationDate", "Status", "NumberOfPeople", "IdRoom", "IdUser") VALUES (3, '2025-09-12 13:00:00+03', 180, 150, '2025-09-10 15:00:00+03', 'Confirmed', 5, 7, 3) ON CONFLICT DO NOTHING;
INSERT INTO main.booking ("Id", "Time", "Duration", "Cost", "CreationDate", "Status", "NumberOfPeople", "IdRoom", "IdUser") VALUES (4, '2025-09-12 16:00:00+03', 90, 45, '2025-09-10 16:00:00+03', 'Cancelled', 3, 8, 4) ON CONFLICT DO NOTHING;
INSERT INTO main.booking ("Id", "Time", "Duration", "Cost", "CreationDate", "Status", "NumberOfPeople", "IdRoom", "IdUser") VALUES (5, '2025-09-13 18:00:00+03', 120, 80, '2025-09-10 17:00:00+03', 'Confirmed', 4, 9, 5) ON CONFLICT DO NOTHING;
INSERT INTO main.booking ("Id", "Time", "Duration", "Cost", "CreationDate", "Status", "NumberOfPeople", "IdRoom", "IdUser") VALUES (6, '2025-09-13 20:00:00+03', 60, 30, '2025-09-10 18:00:00+03', 'Pending', 2, 10, 6) ON CONFLICT DO NOTHING;
INSERT INTO main.booking ("Id", "Time", "Duration", "Cost", "CreationDate", "Status", "NumberOfPeople", "IdRoom", "IdUser") VALUES (7, '2025-09-14 14:00:00+03', 180, 150, '2025-09-10 19:00:00+03', 'Confirmed', 5, 11, 7) ON CONFLICT DO NOTHING;
INSERT INTO main.booking ("Id", "Time", "Duration", "Cost", "CreationDate", "Status", "NumberOfPeople", "IdRoom", "IdUser") VALUES (8, '2025-09-14 17:00:00+03', 90, 45, '2025-09-10 20:00:00+03', 'Cancelled', 3, 12, 8) ON CONFLICT DO NOTHING;
INSERT INTO main.booking ("Id", "Time", "Duration", "Cost", "CreationDate", "Status", "NumberOfPeople", "IdRoom", "IdUser") VALUES (9, '2025-09-15 15:00:00+03', 120, 80, '2025-09-10 21:00:00+03', 'Confirmed', 4, 13, 9) ON CONFLICT DO NOTHING;
INSERT INTO main.booking ("Id", "Time", "Duration", "Cost", "CreationDate", "Status", "NumberOfPeople", "IdRoom", "IdUser") VALUES (10, '2025-09-15 18:00:00+03', 60, 30, '2025-09-10 22:00:00+03', 'Pending', 2, 14, 10) ON CONFLICT DO NOTHING;
INSERT INTO main.booking ("Id", "Time", "Duration", "Cost", "CreationDate", "Status", "NumberOfPeople", "IdRoom", "IdUser") VALUES (11, '2025-09-16 13:00:00+03', 180, 150, '2025-09-10 23:00:00+03', 'Confirmed', 5, 15, 11) ON CONFLICT DO NOTHING;
INSERT INTO main.booking ("Id", "Time", "Duration", "Cost", "CreationDate", "Status", "NumberOfPeople", "IdRoom", "IdUser") VALUES (12, '2025-09-16 16:00:00+03', 90, 45, '2025-09-11 00:00:00+03', 'Cancelled', 3, 16, 12) ON CONFLICT DO NOTHING;
INSERT INTO main.booking ("Id", "Time", "Duration", "Cost", "CreationDate", "Status", "NumberOfPeople", "IdRoom", "IdUser") VALUES (13, '2025-09-17 17:00:00+03', 120, 80, '2025-09-11 01:00:00+03', 'Confirmed', 4, 17, 13) ON CONFLICT DO NOTHING;
INSERT INTO main.booking ("Id", "Time", "Duration", "Cost", "CreationDate", "Status", "NumberOfPeople", "IdRoom", "IdUser") VALUES (14, '2025-09-17 19:00:00+03', 60, 30, '2025-09-11 02:00:00+03', 'Pending', 2, 18, 14) ON CONFLICT DO NOTHING;
INSERT INTO main.booking ("Id", "Time", "Duration", "Cost", "CreationDate", "Status", "NumberOfPeople", "IdRoom", "IdUser") VALUES (15, '2025-09-18 14:00:00+03', 180, 150, '2025-09-11 03:00:00+03', 'Confirmed', 5, 19, 15) ON CONFLICT DO NOTHING;
INSERT INTO main.booking ("Id", "Time", "Duration", "Cost", "CreationDate", "Status", "NumberOfPeople", "IdRoom", "IdUser") VALUES (16, '2025-09-18 17:00:00+03', 90, 45, '2025-09-11 04:00:00+03', 'Cancelled', 3, 20, 16) ON CONFLICT DO NOTHING;
INSERT INTO main.booking ("Id", "Time", "Duration", "Cost", "CreationDate", "Status", "NumberOfPeople", "IdRoom", "IdUser") VALUES (17, '2025-09-19 15:00:00+03', 120, 80, '2025-09-11 05:00:00+03', 'Confirmed', 4, 21, 17) ON CONFLICT DO NOTHING;
INSERT INTO main.booking ("Id", "Time", "Duration", "Cost", "CreationDate", "Status", "NumberOfPeople", "IdRoom", "IdUser") VALUES (18, '2025-09-19 18:00:00+03', 60, 30, '2025-09-11 06:00:00+03', 'Pending', 2, 22, 18) ON CONFLICT DO NOTHING;
INSERT INTO main.booking ("Id", "Time", "Duration", "Cost", "CreationDate", "Status", "NumberOfPeople", "IdRoom", "IdUser") VALUES (19, '2025-09-20 13:00:00+03', 180, 150, '2025-09-11 07:00:00+03', 'Confirmed', 5, 23, 19) ON CONFLICT DO NOTHING;
INSERT INTO main.booking ("Id", "Time", "Duration", "Cost", "CreationDate", "Status", "NumberOfPeople", "IdRoom", "IdUser") VALUES (20, '2025-09-20 16:00:00+03', 90, 45, '2025-09-11 08:00:00+03', 'Cancelled', 3, 24, 20) ON CONFLICT DO NOTHING;
INSERT INTO main.booking ("Id", "Time", "Duration", "Cost", "CreationDate", "Status", "NumberOfPeople", "IdRoom", "IdUser") VALUES (21, '2025-09-21 17:00:00+03', 120, 80, '2025-09-11 09:00:00+03', 'Confirmed', 4, 25, 21) ON CONFLICT DO NOTHING;
INSERT INTO main.booking ("Id", "Time", "Duration", "Cost", "CreationDate", "Status", "NumberOfPeople", "IdRoom", "IdUser") VALUES (22, '2025-09-21 19:00:00+03', 60, 30, '2025-09-11 10:00:00+03', 'Pending', 2, 26, 22) ON CONFLICT DO NOTHING;
INSERT INTO main.booking ("Id", "Time", "Duration", "Cost", "CreationDate", "Status", "NumberOfPeople", "IdRoom", "IdUser") VALUES (23, '2025-09-22 14:00:00+03', 180, 150, '2025-09-11 11:00:00+03', 'Confirmed', 5, 27, 23) ON CONFLICT DO NOTHING;
INSERT INTO main.booking ("Id", "Time", "Duration", "Cost", "CreationDate", "Status", "NumberOfPeople", "IdRoom", "IdUser") VALUES (24, '2025-09-22 17:00:00+03', 90, 45, '2025-09-11 12:00:00+03', 'Cancelled', 3, 28, 24) ON CONFLICT DO NOTHING;
INSERT INTO main.booking ("Id", "Time", "Duration", "Cost", "CreationDate", "Status", "NumberOfPeople", "IdRoom", "IdUser") VALUES (25, '2025-09-23 15:00:00+03', 120, 80, '2025-09-11 13:00:00+03', 'Confirmed', 4, 29, 25) ON CONFLICT DO NOTHING;
INSERT INTO main.booking ("Id", "Time", "Duration", "Cost", "CreationDate", "Status", "NumberOfPeople", "IdRoom", "IdUser") VALUES (26, '2025-09-23 18:00:00+03', 60, 30, '2025-09-11 14:00:00+03', 'Pending', 2, 30, 26) ON CONFLICT DO NOTHING;
INSERT INTO main.booking ("Id", "Time", "Duration", "Cost", "CreationDate", "Status", "NumberOfPeople", "IdRoom", "IdUser") VALUES (27, '2025-09-24 13:00:00+03', 180, 150, '2025-09-11 15:00:00+03', 'Confirmed', 5, 31, 27) ON CONFLICT DO NOTHING;
INSERT INTO main.booking ("Id", "Time", "Duration", "Cost", "CreationDate", "Status", "NumberOfPeople", "IdRoom", "IdUser") VALUES (28, '2025-09-24 16:00:00+03', 90, 45, '2025-09-11 16:00:00+03', 'Cancelled', 3, 32, 28) ON CONFLICT DO NOTHING;
INSERT INTO main.booking ("Id", "Time", "Duration", "Cost", "CreationDate", "Status", "NumberOfPeople", "IdRoom", "IdUser") VALUES (29, '2025-09-25 17:00:00+03', 120, 80, '2025-09-11 17:00:00+03', 'Confirmed', 4, 33, 29) ON CONFLICT DO NOTHING;
INSERT INTO main.booking ("Id", "Time", "Duration", "Cost", "CreationDate", "Status", "NumberOfPeople", "IdRoom", "IdUser") VALUES (30, '2025-09-25 19:00:00+03', 60, 30, '2025-09-11 18:00:00+03', 'Pending', 2, 34, 30) ON CONFLICT DO NOTHING;
INSERT INTO main.booking ("Id", "Time", "Duration", "Cost", "CreationDate", "Status", "NumberOfPeople", "IdRoom", "IdUser") VALUES (31, '2025-09-26 14:00:00+03', 180, 150, '2025-09-11 19:00:00+03', 'Confirmed', 5, 35, 31) ON CONFLICT DO NOTHING;
INSERT INTO main.booking ("Id", "Time", "Duration", "Cost", "CreationDate", "Status", "NumberOfPeople", "IdRoom", "IdUser") VALUES (32, '2025-09-26 17:00:00+03', 90, 45, '2025-09-11 20:00:00+03', 'Cancelled', 3, 36, 32) ON CONFLICT DO NOTHING;
INSERT INTO main.booking ("Id", "Time", "Duration", "Cost", "CreationDate", "Status", "NumberOfPeople", "IdRoom", "IdUser") VALUES (33, '2025-09-27 15:00:00+03', 120, 80, '2025-09-11 21:00:00+03', 'Confirmed', 4, 37, 33) ON CONFLICT DO NOTHING;
INSERT INTO main.booking ("Id", "Time", "Duration", "Cost", "CreationDate", "Status", "NumberOfPeople", "IdRoom", "IdUser") VALUES (34, '2025-09-27 18:00:00+03', 60, 30, '2025-09-11 22:00:00+03', 'Pending', 2, 38, 34) ON CONFLICT DO NOTHING;
INSERT INTO main.booking ("Id", "Time", "Duration", "Cost", "CreationDate", "Status", "NumberOfPeople", "IdRoom", "IdUser") VALUES (35, '2025-09-28 13:00:00+03', 180, 150, '2025-09-11 23:00:00+03', 'Confirmed', 5, 39, 35) ON CONFLICT DO NOTHING;
INSERT INTO main.booking ("Id", "Time", "Duration", "Cost", "CreationDate", "Status", "NumberOfPeople", "IdRoom", "IdUser") VALUES (36, '2025-09-28 16:00:00+03', 90, 45, '2025-09-12 00:00:00+03', 'Cancelled', 3, 40, 36) ON CONFLICT DO NOTHING;
INSERT INTO main.booking ("Id", "Time", "Duration", "Cost", "CreationDate", "Status", "NumberOfPeople", "IdRoom", "IdUser") VALUES (37, '2025-09-29 17:00:00+03', 120, 80, '2025-09-12 01:00:00+03', 'Confirmed', 4, 1, 37) ON CONFLICT DO NOTHING;
INSERT INTO main.booking ("Id", "Time", "Duration", "Cost", "CreationDate", "Status", "NumberOfPeople", "IdRoom", "IdUser") VALUES (38, '2025-09-29 19:00:00+03', 60, 30, '2025-09-12 02:00:00+03', 'Pending', 2, 2, 38) ON CONFLICT DO NOTHING;
INSERT INTO main.booking ("Id", "Time", "Duration", "Cost", "CreationDate", "Status", "NumberOfPeople", "IdRoom", "IdUser") VALUES (39, '2025-09-30 14:00:00+03', 180, 150, '2025-09-12 03:00:00+03', 'Confirmed', 5, 3, 39) ON CONFLICT DO NOTHING;
INSERT INTO main.booking ("Id", "Time", "Duration", "Cost", "CreationDate", "Status", "NumberOfPeople", "IdRoom", "IdUser") VALUES (40, '2025-09-30 17:00:00+03', 90, 45, '2025-09-12 04:00:00+03', 'Cancelled', 3, 4, 40) ON CONFLICT DO NOTHING;


--
-- TOC entry 4970 (class 0 OID 24847)
-- Dependencies: 224
-- Data for Name: equipment; Type: TABLE DATA; Schema: main; Owner: postgres
--

INSERT INTO main.equipment ("Id", "Name", "Type", "Brand", "Model", "Condition", "IdRehearsalPoint") VALUES (1, 'Combo Amplifier', 'Amplifier', 'Fender', 'Champion 100', 'New', 74) ON CONFLICT DO NOTHING;
INSERT INTO main.equipment ("Id", "Name", "Type", "Brand", "Model", "Condition", "IdRehearsalPoint") VALUES (2, 'Combo Amplifier', 'Amplifier', 'Fender', 'Champion 100', 'New', 53) ON CONFLICT DO NOTHING;
INSERT INTO main.equipment ("Id", "Name", "Type", "Brand", "Model", "Condition", "IdRehearsalPoint") VALUES (3, 'Combo Amplifier', 'Amplifier', 'Marshall', 'MG30GFX', 'Used', 53) ON CONFLICT DO NOTHING;
INSERT INTO main.equipment ("Id", "Name", "Type", "Brand", "Model", "Condition", "IdRehearsalPoint") VALUES (4, 'Drum Kit', 'Drum Set', 'Pearl', 'Export Series', 'Used', 53) ON CONFLICT DO NOTHING;
INSERT INTO main.equipment ("Id", "Name", "Type", "Brand", "Model", "Condition", "IdRehearsalPoint") VALUES (5, 'Drum Kit', 'Drum Set', 'Tama', 'Starclassic', 'New', 53) ON CONFLICT DO NOTHING;
INSERT INTO main.equipment ("Id", "Name", "Type", "Brand", "Model", "Condition", "IdRehearsalPoint") VALUES (6, 'Synthesizer', 'Synthesizer', 'Yamaha', 'MX61', 'New', 53) ON CONFLICT DO NOTHING;
INSERT INTO main.equipment ("Id", "Name", "Type", "Brand", "Model", "Condition", "IdRehearsalPoint") VALUES (7, 'Bass Rental', 'Instrument', 'Fender', 'Precision Bass', 'New', 53) ON CONFLICT DO NOTHING;
INSERT INTO main.equipment ("Id", "Name", "Type", "Brand", "Model", "Condition", "IdRehearsalPoint") VALUES (8, 'Combo Amplifier', 'Amplifier', 'Roland', 'CUBE-40GX', 'New', 54) ON CONFLICT DO NOTHING;
INSERT INTO main.equipment ("Id", "Name", "Type", "Brand", "Model", "Condition", "IdRehearsalPoint") VALUES (9, 'Combo Amplifier', 'Amplifier', 'Orange', 'Crush Pro', 'Used', 54) ON CONFLICT DO NOTHING;
INSERT INTO main.equipment ("Id", "Name", "Type", "Brand", "Model", "Condition", "IdRehearsalPoint") VALUES (10, 'Drum Kit', 'Drum Set', 'Yamaha', 'Stage Custom', 'New', 54) ON CONFLICT DO NOTHING;
INSERT INTO main.equipment ("Id", "Name", "Type", "Brand", "Model", "Condition", "IdRehearsalPoint") VALUES (11, 'Combo Amplifier', 'Amplifier', 'Fender', 'Champion 100', 'New', 55) ON CONFLICT DO NOTHING;
INSERT INTO main.equipment ("Id", "Name", "Type", "Brand", "Model", "Condition", "IdRehearsalPoint") VALUES (12, 'Microphone', 'Microphone', 'Shure', 'SM58', 'New', 56) ON CONFLICT DO NOTHING;
INSERT INTO main.equipment ("Id", "Name", "Type", "Brand", "Model", "Condition", "IdRehearsalPoint") VALUES (13, 'Synthesizer', 'Synthesizer', 'Korg', 'Minilogue', 'Used', 57) ON CONFLICT DO NOTHING;
INSERT INTO main.equipment ("Id", "Name", "Type", "Brand", "Model", "Condition", "IdRehearsalPoint") VALUES (14, 'Guitar Amplifier', 'Amplifier', 'Ampeg', 'BA-110', 'New', 58) ON CONFLICT DO NOTHING;
INSERT INTO main.equipment ("Id", "Name", "Type", "Brand", "Model", "Condition", "IdRehearsalPoint") VALUES (15, 'Drum Kit', 'Drum Set', 'Mapex', 'Mars Series', 'Used', 59) ON CONFLICT DO NOTHING;
INSERT INTO main.equipment ("Id", "Name", "Type", "Brand", "Model", "Condition", "IdRehearsalPoint") VALUES (16, 'Keyboard', 'Synthesizer', 'Roland', 'Juno-DS', 'New', 60) ON CONFLICT DO NOTHING;
INSERT INTO main.equipment ("Id", "Name", "Type", "Brand", "Model", "Condition", "IdRehearsalPoint") VALUES (17, 'Bass Guitar', 'Instrument', 'Ibanez', 'SR300E', 'New', 61) ON CONFLICT DO NOTHING;
INSERT INTO main.equipment ("Id", "Name", "Type", "Brand", "Model", "Condition", "IdRehearsalPoint") VALUES (18, 'Microphone', 'Microphone', 'Audio-Technica', 'AT2020', 'New', 62) ON CONFLICT DO NOTHING;
INSERT INTO main.equipment ("Id", "Name", "Type", "Brand", "Model", "Condition", "IdRehearsalPoint") VALUES (19, 'Combo Amplifier', 'Amplifier', 'Vox', 'VT20X', 'Used', 63) ON CONFLICT DO NOTHING;
INSERT INTO main.equipment ("Id", "Name", "Type", "Brand", "Model", "Condition", "IdRehearsalPoint") VALUES (20, 'Drum Kit', 'Drum Set', 'Gretsch', 'Catalina Maple', 'New', 64) ON CONFLICT DO NOTHING;
INSERT INTO main.equipment ("Id", "Name", "Type", "Brand", "Model", "Condition", "IdRehearsalPoint") VALUES (21, 'Synthesizer', 'Synthesizer', 'Moog', 'Subsequent 25', 'New', 65) ON CONFLICT DO NOTHING;
INSERT INTO main.equipment ("Id", "Name", "Type", "Brand", "Model", "Condition", "IdRehearsalPoint") VALUES (22, 'Guitar Amplifier', 'Amplifier', 'Blackstar', 'HT-5R', 'Used', 66) ON CONFLICT DO NOTHING;
INSERT INTO main.equipment ("Id", "Name", "Type", "Brand", "Model", "Condition", "IdRehearsalPoint") VALUES (23, 'Microphone', 'Microphone', 'Rode', 'NT1-A', 'New', 67) ON CONFLICT DO NOTHING;
INSERT INTO main.equipment ("Id", "Name", "Type", "Brand", "Model", "Condition", "IdRehearsalPoint") VALUES (24, 'Bass Amplifier', 'Amplifier', 'Ampeg', 'BA-112', 'New', 68) ON CONFLICT DO NOTHING;
INSERT INTO main.equipment ("Id", "Name", "Type", "Brand", "Model", "Condition", "IdRehearsalPoint") VALUES (25, 'Drum Kit', 'Drum Set', 'Pearl', 'Roadshow', 'Used', 69) ON CONFLICT DO NOTHING;
INSERT INTO main.equipment ("Id", "Name", "Type", "Brand", "Model", "Condition", "IdRehearsalPoint") VALUES (26, 'Keyboard', 'Synthesizer', 'Yamaha', 'PSR-E373', 'New', 70) ON CONFLICT DO NOTHING;
INSERT INTO main.equipment ("Id", "Name", "Type", "Brand", "Model", "Condition", "IdRehearsalPoint") VALUES (27, 'Guitar', 'Instrument', 'Fender', 'Stratocaster', 'New', 71) ON CONFLICT DO NOTHING;
INSERT INTO main.equipment ("Id", "Name", "Type", "Brand", "Model", "Condition", "IdRehearsalPoint") VALUES (28, 'Microphone', 'Microphone', 'Sennheiser', 'e835', 'Used', 72) ON CONFLICT DO NOTHING;
INSERT INTO main.equipment ("Id", "Name", "Type", "Brand", "Model", "Condition", "IdRehearsalPoint") VALUES (29, 'Combo Amplifier', 'Amplifier', 'Boss', 'Katana-50', 'New', 73) ON CONFLICT DO NOTHING;
INSERT INTO main.equipment ("Id", "Name", "Type", "Brand", "Model", "Condition", "IdRehearsalPoint") VALUES (30, 'Drum Kit', 'Drum Set', 'Tama', 'Imperialstar', 'New', 74) ON CONFLICT DO NOTHING;
INSERT INTO main.equipment ("Id", "Name", "Type", "Brand", "Model", "Condition", "IdRehearsalPoint") VALUES (31, 'Synthesizer', 'Synthesizer', 'Korg', 'MicroKorg', 'Used', 75) ON CONFLICT DO NOTHING;
INSERT INTO main.equipment ("Id", "Name", "Type", "Brand", "Model", "Condition", "IdRehearsalPoint") VALUES (32, 'Bass Guitar', 'Instrument', 'Squier', 'Jazz Bass', 'New', 76) ON CONFLICT DO NOTHING;
INSERT INTO main.equipment ("Id", "Name", "Type", "Brand", "Model", "Condition", "IdRehearsalPoint") VALUES (33, 'Microphone', 'Microphone', 'Shure', 'SM57', 'New', 77) ON CONFLICT DO NOTHING;
INSERT INTO main.equipment ("Id", "Name", "Type", "Brand", "Model", "Condition", "IdRehearsalPoint") VALUES (34, 'Guitar Amplifier', 'Amplifier', 'Line 6', 'Spider V', 'Used', 78) ON CONFLICT DO NOTHING;
INSERT INTO main.equipment ("Id", "Name", "Type", "Brand", "Model", "Condition", "IdRehearsalPoint") VALUES (35, 'Drum Kit', 'Drum Set', 'Yamaha', 'Rydeen', 'New', 79) ON CONFLICT DO NOTHING;
INSERT INTO main.equipment ("Id", "Name", "Type", "Brand", "Model", "Condition", "IdRehearsalPoint") VALUES (36, 'Keyboard', 'Synthesizer', 'Roland', 'FA-06', 'New', 80) ON CONFLICT DO NOTHING;
INSERT INTO main.equipment ("Id", "Name", "Type", "Brand", "Model", "Condition", "IdRehearsalPoint") VALUES (37, 'Guitar', 'Instrument', 'Gibson', 'Les Paul Studio', 'Used', 81) ON CONFLICT DO NOTHING;
INSERT INTO main.equipment ("Id", "Name", "Type", "Brand", "Model", "Condition", "IdRehearsalPoint") VALUES (38, 'Microphone', 'Microphone', 'AKG', 'C214', 'New', 82) ON CONFLICT DO NOTHING;
INSERT INTO main.equipment ("Id", "Name", "Type", "Brand", "Model", "Condition", "IdRehearsalPoint") VALUES (39, 'Combo Amplifier', 'Amplifier', 'Fender', 'Mustang LT25', 'New', 83) ON CONFLICT DO NOTHING;
INSERT INTO main.equipment ("Id", "Name", "Type", "Brand", "Model", "Condition", "IdRehearsalPoint") VALUES (40, 'Drum Kit', 'Drum Set', 'Mapex', 'Storm Series', 'New', 84) ON CONFLICT DO NOTHING;


--
-- TOC entry 4979 (class 0 OID 24916)
-- Dependencies: 233
-- Data for Name: equipment_booking; Type: TABLE DATA; Schema: main; Owner: postgres
--

INSERT INTO main.equipment_booking ("IdEquipment", "IdBooking") VALUES (1, 1) ON CONFLICT DO NOTHING;
INSERT INTO main.equipment_booking ("IdEquipment", "IdBooking") VALUES (3, 1) ON CONFLICT DO NOTHING;
INSERT INTO main.equipment_booking ("IdEquipment", "IdBooking") VALUES (4, 2) ON CONFLICT DO NOTHING;
INSERT INTO main.equipment_booking ("IdEquipment", "IdBooking") VALUES (8, 3) ON CONFLICT DO NOTHING;
INSERT INTO main.equipment_booking ("IdEquipment", "IdBooking") VALUES (11, 4) ON CONFLICT DO NOTHING;
INSERT INTO main.equipment_booking ("IdEquipment", "IdBooking") VALUES (12, 5) ON CONFLICT DO NOTHING;
INSERT INTO main.equipment_booking ("IdEquipment", "IdBooking") VALUES (13, 6) ON CONFLICT DO NOTHING;
INSERT INTO main.equipment_booking ("IdEquipment", "IdBooking") VALUES (14, 7) ON CONFLICT DO NOTHING;
INSERT INTO main.equipment_booking ("IdEquipment", "IdBooking") VALUES (15, 8) ON CONFLICT DO NOTHING;
INSERT INTO main.equipment_booking ("IdEquipment", "IdBooking") VALUES (16, 9) ON CONFLICT DO NOTHING;
INSERT INTO main.equipment_booking ("IdEquipment", "IdBooking") VALUES (17, 10) ON CONFLICT DO NOTHING;
INSERT INTO main.equipment_booking ("IdEquipment", "IdBooking") VALUES (18, 11) ON CONFLICT DO NOTHING;
INSERT INTO main.equipment_booking ("IdEquipment", "IdBooking") VALUES (19, 12) ON CONFLICT DO NOTHING;
INSERT INTO main.equipment_booking ("IdEquipment", "IdBooking") VALUES (20, 13) ON CONFLICT DO NOTHING;
INSERT INTO main.equipment_booking ("IdEquipment", "IdBooking") VALUES (21, 14) ON CONFLICT DO NOTHING;
INSERT INTO main.equipment_booking ("IdEquipment", "IdBooking") VALUES (22, 15) ON CONFLICT DO NOTHING;
INSERT INTO main.equipment_booking ("IdEquipment", "IdBooking") VALUES (23, 16) ON CONFLICT DO NOTHING;
INSERT INTO main.equipment_booking ("IdEquipment", "IdBooking") VALUES (24, 17) ON CONFLICT DO NOTHING;
INSERT INTO main.equipment_booking ("IdEquipment", "IdBooking") VALUES (25, 18) ON CONFLICT DO NOTHING;
INSERT INTO main.equipment_booking ("IdEquipment", "IdBooking") VALUES (26, 19) ON CONFLICT DO NOTHING;
INSERT INTO main.equipment_booking ("IdEquipment", "IdBooking") VALUES (27, 20) ON CONFLICT DO NOTHING;
INSERT INTO main.equipment_booking ("IdEquipment", "IdBooking") VALUES (28, 21) ON CONFLICT DO NOTHING;
INSERT INTO main.equipment_booking ("IdEquipment", "IdBooking") VALUES (29, 22) ON CONFLICT DO NOTHING;
INSERT INTO main.equipment_booking ("IdEquipment", "IdBooking") VALUES (30, 23) ON CONFLICT DO NOTHING;
INSERT INTO main.equipment_booking ("IdEquipment", "IdBooking") VALUES (31, 24) ON CONFLICT DO NOTHING;
INSERT INTO main.equipment_booking ("IdEquipment", "IdBooking") VALUES (32, 25) ON CONFLICT DO NOTHING;
INSERT INTO main.equipment_booking ("IdEquipment", "IdBooking") VALUES (33, 26) ON CONFLICT DO NOTHING;
INSERT INTO main.equipment_booking ("IdEquipment", "IdBooking") VALUES (34, 27) ON CONFLICT DO NOTHING;
INSERT INTO main.equipment_booking ("IdEquipment", "IdBooking") VALUES (35, 28) ON CONFLICT DO NOTHING;
INSERT INTO main.equipment_booking ("IdEquipment", "IdBooking") VALUES (36, 29) ON CONFLICT DO NOTHING;
INSERT INTO main.equipment_booking ("IdEquipment", "IdBooking") VALUES (37, 30) ON CONFLICT DO NOTHING;
INSERT INTO main.equipment_booking ("IdEquipment", "IdBooking") VALUES (38, 31) ON CONFLICT DO NOTHING;
INSERT INTO main.equipment_booking ("IdEquipment", "IdBooking") VALUES (39, 32) ON CONFLICT DO NOTHING;
INSERT INTO main.equipment_booking ("IdEquipment", "IdBooking") VALUES (40, 33) ON CONFLICT DO NOTHING;
INSERT INTO main.equipment_booking ("IdEquipment", "IdBooking") VALUES (1, 34) ON CONFLICT DO NOTHING;
INSERT INTO main.equipment_booking ("IdEquipment", "IdBooking") VALUES (2, 35) ON CONFLICT DO NOTHING;
INSERT INTO main.equipment_booking ("IdEquipment", "IdBooking") VALUES (3, 36) ON CONFLICT DO NOTHING;
INSERT INTO main.equipment_booking ("IdEquipment", "IdBooking") VALUES (4, 37) ON CONFLICT DO NOTHING;
INSERT INTO main.equipment_booking ("IdEquipment", "IdBooking") VALUES (5, 38) ON CONFLICT DO NOTHING;
INSERT INTO main.equipment_booking ("IdEquipment", "IdBooking") VALUES (6, 39) ON CONFLICT DO NOTHING;
INSERT INTO main.equipment_booking ("IdEquipment", "IdBooking") VALUES (7, 40) ON CONFLICT DO NOTHING;


--
-- TOC entry 4966 (class 0 OID 24831)
-- Dependencies: 220
-- Data for Name: rehearsal_points; Type: TABLE DATA; Schema: main; Owner: postgres
--

INSERT INTO main.rehearsal_points ("Id", "Rating", "ContactNumber", "Schedule", "Name", "Address") VALUES (74, 4.4, '+375 29 4445566', '{"Monday": "10:00-22:00", "Tuesday": "10:00-22:00", "Wednesday": "10:00-20:00", "Thursday": "10:00-22:00", "Friday": "10:00-24:00", "Saturday": "12:00-24:00", "Sunday": "12:00-20:00"}', 'Studio 77', 'Minsk, K. Marksa St., 20') ON CONFLICT DO NOTHING;
INSERT INTO main.rehearsal_points ("Id", "Rating", "ContactNumber", "Schedule", "Name", "Address") VALUES (53, 4.5, '+375 29 1504505', '{"Monday": "10:00-22:00", "Tuesday": "10:00-22:00", "Wednesday": "10:00-24:00", "Thursday": "10:00-22:00", "Friday": "10:00-24:00", "Saturday": "10:00-22:00", "Sunday": "10:00-20:00"}', 'Black Line Studio', 'Minsk, Fabriziusa 8') ON CONFLICT DO NOTHING;
INSERT INTO main.rehearsal_points ("Id", "Rating", "ContactNumber", "Schedule", "Name", "Address") VALUES (54, 4.8, '+375 29 5714120', '{"Monday": "09:00-21:00", "Tuesday": "09:00-21:00", "Wednesday": "09:00-21:00", "Thursday": "09:00-21:00", "Friday": "09:00-24:00", "Saturday": "10:00-22:00", "Sunday": "10:00-20:00"}', 'BooM Studio', 'Minsk, Lenina St., 4') ON CONFLICT DO NOTHING;
INSERT INTO main.rehearsal_points ("Id", "Rating", "ContactNumber", "Schedule", "Name", "Address") VALUES (55, 4.6, '+375 33 3036355', '{"Monday": "10:00-22:00", "Tuesday": "10:00-20:00", "Wednesday": "10:00-24:00", "Thursday": "10:00-22:00", "Friday": "10:00-22:00", "Saturday": "12:00-24:00", "Sunday": "12:00-20:00"}', 'Raga Doo Music Studio', 'Minsk, Very Khoruzhey St., 29') ON CONFLICT DO NOTHING;
INSERT INTO main.rehearsal_points ("Id", "Rating", "ContactNumber", "Schedule", "Name", "Address") VALUES (56, 4.7, '+375 44 7469444', '{"Monday": "11:00-23:00", "Tuesday": "11:00-23:00", "Wednesday": "11:00-24:00", "Thursday": "11:00-23:00", "Friday": "11:00-24:00", "Saturday": "10:00-22:00", "Sunday": "10:00-20:00"}', 'Studio 9', 'Minsk, Hikalo St., 9, 4th building BGUIR') ON CONFLICT DO NOTHING;
INSERT INTO main.rehearsal_points ("Id", "Rating", "ContactNumber", "Schedule", "Name", "Address") VALUES (57, 4.5, '+375 29 2939033', '{"Monday": "10:00-22:00", "Tuesday": "10:00-22:00", "Wednesday": "10:00-22:00", "Thursday": "10:00-22:00", "Friday": "10:00-24:00", "Saturday": "10:00-22:00", "Sunday": "10:00-20:00"}', 'Black Beauty Studio', 'Minsk, Korolya St., 2') ON CONFLICT DO NOTHING;
INSERT INTO main.rehearsal_points ("Id", "Rating", "ContactNumber", "Schedule", "Name", "Address") VALUES (58, 4.3, '+375 29 7925455', '{"Monday": "10:00-22:00", "Tuesday": "10:00-22:00", "Wednesday": "10:00-20:00", "Thursday": "10:00-22:00", "Friday": "10:00-24:00", "Saturday": "12:00-24:00", "Sunday": "12:00-20:00"}', 'MetraMusic', 'Minsk, Danila Serdicha St., 30A') ON CONFLICT DO NOTHING;
INSERT INTO main.rehearsal_points ("Id", "Rating", "ContactNumber", "Schedule", "Name", "Address") VALUES (59, 4.6, '+375 29 7608134', '{"Monday": "10:00-24:00", "Tuesday": "10:00-22:00", "Wednesday": "10:00-22:00", "Thursday": "10:00-22:00", "Friday": "10:00-24:00", "Saturday": "10:00-22:00", "Sunday": "10:00-20:00"}', 'LIVEBOX', 'Minsk, Masherova Ave., 11') ON CONFLICT DO NOTHING;
INSERT INTO main.rehearsal_points ("Id", "Rating", "ContactNumber", "Schedule", "Name", "Address") VALUES (60, 4.4, '+375 29 7608135', '{"Monday": "09:00-21:00", "Tuesday": "09:00-21:00", "Wednesday": "09:00-22:00", "Thursday": "09:00-22:00", "Friday": "09:00-24:00", "Saturday": "10:00-22:00", "Sunday": "10:00-20:00"}', 'Chilli Records', 'Minsk, Zmitroka Biaduli St., 13') ON CONFLICT DO NOTHING;
INSERT INTO main.rehearsal_points ("Id", "Rating", "ContactNumber", "Schedule", "Name", "Address") VALUES (61, 4.2, '+375 29 5714121', '{"Monday": "10:00-22:00", "Tuesday": "10:00-22:00", "Wednesday": "10:00-20:00", "Thursday": "10:00-22:00", "Friday": "10:00-24:00", "Saturday": "10:00-22:00", "Sunday": "10:00-20:00"}', 'JAM Studio', 'Minsk, K. Marksa St., 50A') ON CONFLICT DO NOTHING;
INSERT INTO main.rehearsal_points ("Id", "Rating", "ContactNumber", "Schedule", "Name", "Address") VALUES (62, 4.5, '+375 25 9501863', '{"Monday": "10:00-22:00", "Tuesday": "10:00-22:00", "Wednesday": "10:00-20:00", "Thursday": "10:00-22:00", "Friday": "10:00-24:00", "Saturday": "10:00-22:00", "Sunday": "10:00-20:00"}', 'BIG AIR STUDIO', 'Minsk, Bohdanovicha St., 232') ON CONFLICT DO NOTHING;
INSERT INTO main.rehearsal_points ("Id", "Rating", "ContactNumber", "Schedule", "Name", "Address") VALUES (63, 4.7, '+375 25 7792203', '{"Monday": "10:00-22:00", "Tuesday": "10:00-24:00", "Wednesday": "10:00-22:00", "Thursday": "10:00-22:00", "Friday": "10:00-24:00", "Saturday": "10:00-22:00", "Sunday": "10:00-20:00"}', 'Melody Studio', 'Minsk, Korolya St., 2/11') ON CONFLICT DO NOTHING;
INSERT INTO main.rehearsal_points ("Id", "Rating", "ContactNumber", "Schedule", "Name", "Address") VALUES (64, 4.6, '+375 29 5528552', '{"Monday": "10:00-22:00", "Tuesday": "10:00-22:00", "Wednesday": "10:00-20:00", "Thursday": "10:00-22:00", "Friday": "10:00-24:00", "Saturday": "12:00-24:00", "Sunday": "12:00-20:00"}', 'Sunset Studio', 'Minsk, Mashinostroiteley St., 10') ON CONFLICT DO NOTHING;
INSERT INTO main.rehearsal_points ("Id", "Rating", "ContactNumber", "Schedule", "Name", "Address") VALUES (65, 4.5, '+375 29 2574410', '{"Monday": "10:00-22:00", "Tuesday": "10:00-22:00", "Wednesday": "10:00-20:00", "Thursday": "10:00-22:00", "Friday": "10:00-24:00", "Saturday": "12:00-24:00", "Sunday": "12:00-20:00"}', 'OVERTONE Studio', 'Minsk, Korolya St., 3') ON CONFLICT DO NOTHING;
INSERT INTO main.rehearsal_points ("Id", "Rating", "ContactNumber", "Schedule", "Name", "Address") VALUES (66, 4.8, '+375 25 7151359', '{"Monday": "10:00-22:00", "Tuesday": "10:00-22:00", "Wednesday": "10:00-20:00", "Thursday": "10:00-22:00", "Friday": "10:00-24:00", "Saturday": "10:00-22:00", "Sunday": "10:00-20:00"}', 'JKBX Studio', 'Minsk, Masherova Ave., 11, 5th Floor') ON CONFLICT DO NOTHING;
INSERT INTO main.rehearsal_points ("Id", "Rating", "ContactNumber", "Schedule", "Name", "Address") VALUES (67, 4.3, '+375 29 3364499', '{"Monday": "10:00-22:00", "Tuesday": "10:00-22:00", "Wednesday": "10:00-20:00", "Thursday": "10:00-22:00", "Friday": "10:00-24:00", "Saturday": "12:00-24:00", "Sunday": "12:00-20:00"}', 'Microfon Studio', 'Minsk, Tolbukhina St., 2, office 13-5') ON CONFLICT DO NOTHING;
INSERT INTO main.rehearsal_points ("Id", "Rating", "ContactNumber", "Schedule", "Name", "Address") VALUES (68, 4.5, '+375 29 1504506', '{"Monday": "10:00-22:00", "Tuesday": "10:00-24:00", "Wednesday": "10:00-22:00", "Thursday": "10:00-22:00", "Friday": "10:00-24:00", "Saturday": "10:00-22:00", "Sunday": "10:00-20:00"}', 'New Sound Studio', 'Minsk, Masherova Ave., 10') ON CONFLICT DO NOTHING;
INSERT INTO main.rehearsal_points ("Id", "Rating", "ContactNumber", "Schedule", "Name", "Address") VALUES (69, 4.4, '+375 29 1234567', '{"Monday": "09:00-21:00", "Tuesday": "09:00-21:00", "Wednesday": "09:00-22:00", "Thursday": "09:00-22:00", "Friday": "09:00-24:00", "Saturday": "10:00-22:00", "Sunday": "10:00-20:00"}', 'Sound Factory', 'Minsk, Zmitroka Biaduli St., 1') ON CONFLICT DO NOTHING;
INSERT INTO main.rehearsal_points ("Id", "Rating", "ContactNumber", "Schedule", "Name", "Address") VALUES (70, 4.2, '+375 29 7654321', '{"Monday": "11:00-23:00", "Tuesday": "11:00-23:00", "Wednesday": "11:00-24:00", "Thursday": "11:00-23:00", "Friday": "11:00-24:00", "Saturday": "12:00-24:00", "Sunday": "12:00-20:00"}', 'Studio 55', 'Minsk, K. Marksa St., 12') ON CONFLICT DO NOTHING;
INSERT INTO main.rehearsal_points ("Id", "Rating", "ContactNumber", "Schedule", "Name", "Address") VALUES (71, 4.1, '+375 29 1112233', '{"Monday": "10:00-22:00", "Tuesday": "10:00-22:00", "Wednesday": "10:00-20:00", "Thursday": "10:00-22:00", "Friday": "10:00-24:00", "Saturday": "10:00-22:00", "Sunday": "10:00-20:00"}', 'Music Hall', 'Minsk, Bohdanovicha St., 15') ON CONFLICT DO NOTHING;
INSERT INTO main.rehearsal_points ("Id", "Rating", "ContactNumber", "Schedule", "Name", "Address") VALUES (72, 4.3, '+375 29 2223344', '{"Monday": "10:00-22:00", "Tuesday": "10:00-22:00", "Wednesday": "10:00-20:00", "Thursday": "10:00-22:00", "Friday": "10:00-24:00", "Saturday": "12:00-24:00", "Sunday": "12:00-20:00"}', 'Harmony Studio', 'Minsk, Lenina St., 14') ON CONFLICT DO NOTHING;
INSERT INTO main.rehearsal_points ("Id", "Rating", "ContactNumber", "Schedule", "Name", "Address") VALUES (73, 4.5, '+375 29 3334455', '{"Monday": "10:00-22:00", "Tuesday": "10:00-22:00", "Wednesday": "10:00-20:00", "Thursday": "10:00-22:00", "Friday": "10:00-24:00", "Saturday": "12:00-24:00", "Sunday": "12:00-20:00"}', 'Echo Studio', 'Minsk, October St., 5') ON CONFLICT DO NOTHING;
INSERT INTO main.rehearsal_points ("Id", "Rating", "ContactNumber", "Schedule", "Name", "Address") VALUES (75, 4.6, '+375 29 5556677', '{"Monday": "10:00-22:00": "10:00-22:00", "Tuesday": "10:00-20:00", "Wednesday": "10:00-22:00", "Thursday": "10:00-22:00", "Friday": "10:00-24:00", "Saturday": "10:00-22:00", "Sunday": "10:00-20:00"}', 'Sound Lab', 'Minsk, Hikalo St., 3') ON CONFLICT DO NOTHING;
INSERT INTO main.rehearsal_points ("Id", "Rating", "ContactNumber", "Schedule", "Name", "Address") VALUES (76, 4.5, '+375 29 6667788', '{"Monday": "10:00-22:00", "Tuesday": "10:00-22:00", "Wednesday": "10:00-20:00", "Thursday": "10:00-24:00", "Friday": "10:00-22:00", "Saturday": "12:00-24:00", "Sunday": "12:00-20:00"}', 'Vibe Studio', 'Minsk, Zmitroka Biaduli St., 8') ON CONFLICT DO NOTHING;
INSERT INTO main.rehearsal_points ("Id", "Rating", "ContactNumber", "Schedule", "Name", "Address") VALUES (77, 4.2, '+375 29 7778899', '{"Monday": "10:00-22:00", "Tuesday": "10:00-22:00", "Wednesday": "10:00-20:00", "Thursday": "10:00-24:00", "Friday": "10:00-22:00", "Saturday": "10:00-22:00", "Sunday": "10:00-20:00"}', 'Rhythm Studio', 'Minsk, Bohdanovicha St., 30') ON CONFLICT DO NOTHING;
INSERT INTO main.rehearsal_points ("Id", "Rating", "ContactNumber", "Schedule", "Name", "Address") VALUES (78, 4.3, '+375 29 8889900', '{"Monday": "10:00-22:00", "Tuesday": "10:00-22:00", "Wednesday": "10:00-20:00", "Thursday": "10:00-22:00", "Friday": "10:00-24:00", "Saturday": "12:00-24:00", "Sunday": "12:00-20:00"}', 'Echo Sound', 'Minsk, October St., 10') ON CONFLICT DO NOTHING;
INSERT INTO main.rehearsal_points ("Id", "Rating", "ContactNumber", "Schedule", "Name", "Address") VALUES (79, 4.4, '+375 29 9990011', '{"Monday": "10:00-22:00", "Tuesday": "10:00-20:00", "Wednesday": "10:00-22:00", "Thursday": "10:00-22:00", "Friday": "10:00-24:00", "Saturday": "10:00-22:00", "Sunday": "10:00-20:00"}', 'Harmony Sound', 'Minsk, Lenina St., 25') ON CONFLICT DO NOTHING;
INSERT INTO main.rehearsal_points ("Id", "Rating", "ContactNumber", "Schedule", "Name", "Address") VALUES (80, 4.5, '+375 29 0001122', '{"Monday": "10:00-22:00", "Tuesday": "10:00-22:00", "Wednesday": "10:00-20:00", "Thursday": "10:00-24:00", "Friday": "10:00-22:00", "Saturday": "12:00-24:00", "Sunday": "12:00-20:00"}', 'Beat Studio', 'Minsk, Mashinostroiteley St., 15') ON CONFLICT DO NOTHING;
INSERT INTO main.rehearsal_points ("Id", "Rating", "ContactNumber", "Schedule", "Name", "Address") VALUES (81, 4.6, '+375 29 1112233', '{"Monday": "10:00-22:00", "Tuesday": "10:00-22:00", "Wednesday": "10:00-20:00", "Thursday": "10:00-22:00", "Friday": "10:00-24:00", "Saturday": "10:00-22:00", "Sunday": "10:00-20:00"}', 'Music Studio', 'Minsk, Very Khoruzhey St., 5') ON CONFLICT DO NOTHING;
INSERT INTO main.rehearsal_points ("Id", "Rating", "ContactNumber", "Schedule", "Name", "Address") VALUES (82, 4.3, '+375 29 2223344', '{"Monday": "10:00-22:00", "Tuesday": "10:00-20:00", "Wednesday": "10:00-22:00", "Thursday": "10:00-22:00", "Friday": "10:00-24:00", "Saturday": "12:00-24:00", "Sunday": "12:00-20:00"}', 'Vocal Studio', 'Minsk, Hikalo St., 12') ON CONFLICT DO NOTHING;
INSERT INTO main.rehearsal_points ("Id", "Rating", "ContactNumber", "Schedule", "Name", "Address") VALUES (83, 4.4, '+375 29 3334455', '{"Monday": "10:00-22:00", "Tuesday": "10:00-22:00", "Wednesday": "10:00-20:00", "Thursday": "10:00-22:00", "Friday": "10:00-24:00", "Saturday": "12:00-24:00", "Sunday": "12:00-20:00"}', 'Sound Wave', 'Minsk, Mashinostroiteley St., 18') ON CONFLICT DO NOTHING;
INSERT INTO main.rehearsal_points ("Id", "Rating", "ContactNumber", "Schedule", "Name", "Address") VALUES (84, 4.2, '+375 29 4446677', '{"Monday": "09:00-21:00", "Tuesday": "09:00-21:00", "Wednesday": "09:00-22:00", "Thursday": "09:00-22:00", "Friday": "09:00-24:00", "Saturday": "10:00-22:00", "Sunday": "10:00-20:00"}', 'Pulse Studio', 'Minsk, Pobediteley Ave., 7') ON CONFLICT DO NOTHING;
INSERT INTO main.rehearsal_points ("Id", "Rating", "ContactNumber", "Schedule", "Name", "Address") VALUES (85, 4.5, '+375 29 5557788', '{"Monday": "10:00-22:00", "Tuesday": "10:00-22:00", "Wednesday": "10:00-20:00", "Thursday": "10:00-22:00", "Friday": "10:00-24:00", "Saturday": "12:00-24:00", "Sunday": "12:00-20:00"}', 'Sonic Hub', 'Minsk, Dzerzhinskogo St., 11') ON CONFLICT DO NOTHING;
INSERT INTO main.rehearsal_points ("Id", "Rating", "ContactNumber", "Schedule", "Name", "Address") VALUES (86, 4.7, '+375 29 6668899', '{"Monday": "11:00-23:00", "Tuesday": "11:00-23:00", "Wednesday": "11:00-24:00", "Thursday": "11:00-23:00", "Friday": "11:00-24:00", "Saturday": "10:00-22:00", "Sunday": "10:00-20:00"}', 'Vortex Sound', 'Minsk, Surganova St., 21') ON CONFLICT DO NOTHING;
INSERT INTO main.rehearsal_points ("Id", "Rating", "ContactNumber", "Schedule", "Name", "Address") VALUES (87, 4.4, '+375 29 7779900', '{"Monday": "10:00-22:00", "Tuesday": "10:00-20:00", "Wednesday": "10:00-22:00", "Thursday": "10:00-22:00", "Friday": "10:00-24:00", "Saturday": "10:00-22:00", "Sunday": "10:00-20:00"}', 'Neon Studio', 'Minsk, Yakuba Kolasa St., 37') ON CONFLICT DO NOTHING;
INSERT INTO main.rehearsal_points ("Id", "Rating", "ContactNumber", "Schedule", "Name", "Address") VALUES (88, 4.6, '+375 29 8880011', '{"Monday": "10:00-22:00", "Tuesday": "10:00-22:00", "Wednesday": "10:00-20:00", "Thursday": "10:00-24:00", "Friday": "10:00-22:00", "Saturday": "12:00-24:00", "Sunday": "12:00-20:00"}', 'Waveform Studio', 'Minsk, Komsomolskaya St., 8') ON CONFLICT DO NOTHING;
INSERT INTO main.rehearsal_points ("Id", "Rating", "ContactNumber", "Schedule", "Name", "Address") VALUES (89, 4.3, '+375 29 9991122', '{"Monday": "09:00-21:00", "Tuesday": "09:00-21:00", "Wednesday": "09:00-22:00", "Thursday": "09:00-22:00", "Friday": "09:00-24:00", "Saturday": "10:00-22:00", "Sunday": "10:00-20:00"}', 'Echo Pulse', 'Minsk, Pritytskogo St., 29') ON CONFLICT DO NOTHING;
INSERT INTO main.rehearsal_points ("Id", "Rating", "ContactNumber", "Schedule", "Name", "Address") VALUES (90, 4.5, '+375 29 0002233', '{"Monday": "10:00-22:00", "Tuesday": "10:00-22:00", "Wednesday": "10:00-20:00", "Thursday": "10:00-22:00", "Friday": "10:00-24:00", "Saturday": "12:00-24:00", "Sunday": "12:00-20:00"}', 'Riff Studio', 'Minsk, Nemiga St., 3') ON CONFLICT DO NOTHING;
INSERT INTO main.rehearsal_points ("Id", "Rating", "ContactNumber", "Schedule", "Name", "Address") VALUES (91, 4.4, '+375 29 1113344', '{"Monday": "10:00-22:00", "Tuesday": "10:00-20:00", "Wednesday": "10:00-22:00", "Thursday": "10:00-22:00", "Friday": "10:00-24:00", "Saturday": "10:00-22:00", "Sunday": "10:00-20:00"}', 'Melodic Haven', 'Minsk, Kalvariyskaya St., 16') ON CONFLICT DO NOTHING;
INSERT INTO main.rehearsal_points ("Id", "Rating", "ContactNumber", "Schedule", "Name", "Address") VALUES (92, 4.7, '+375 29 2224455', '{"Monday": "11:00-23:00", "Tuesday": "11:00-23:00", "Wednesday": "11:00-24:00", "Thursday": "11:00-23:00", "Friday": "11:00-24:00", "Saturday": "10:00-22:00", "Sunday": "10:00-20:00"}', 'Groove Lab', 'Minsk, Kulman St., 9') ON CONFLICT DO NOTHING;


--
-- TOC entry 4972 (class 0 OID 24860)
-- Dependencies: 226
-- Data for Name: rooms; Type: TABLE DATA; Schema: main; Owner: postgres
--

INSERT INTO main.rooms ("Id", "Name", "AirConditioner", "Price", "RecordingSupport", "Area", "IdRehearsalPoint") VALUES (2, 'Medium Room', true, 40, true, 25, 74) ON CONFLICT DO NOTHING;
INSERT INTO main.rooms ("Id", "Name", "AirConditioner", "Price", "RecordingSupport", "Area", "IdRehearsalPoint") VALUES (1, 'Large Studio', true, 50, true, 35, 53) ON CONFLICT DO NOTHING;
INSERT INTO main.rooms ("Id", "Name", "AirConditioner", "Price", "RecordingSupport", "Area", "IdRehearsalPoint") VALUES (3, 'Small Room', false, 30, false, 15, 53) ON CONFLICT DO NOTHING;
INSERT INTO main.rooms ("Id", "Name", "AirConditioner", "Price", "RecordingSupport", "Area", "IdRehearsalPoint") VALUES (4, 'Blue Room', true, 45, true, 28, 54) ON CONFLICT DO NOTHING;
INSERT INTO main.rooms ("Id", "Name", "AirConditioner", "Price", "RecordingSupport", "Area", "IdRehearsalPoint") VALUES (5, 'Red Room', false, 35, true, 20, 55) ON CONFLICT DO NOTHING;
INSERT INTO main.rooms ("Id", "Name", "AirConditioner", "Price", "RecordingSupport", "Area", "IdRehearsalPoint") VALUES (6, 'Green Room', true, 25, false, 28, 54) ON CONFLICT DO NOTHING;
INSERT INTO main.rooms ("Id", "Name", "AirConditioner", "Price", "RecordingSupport", "Area", "IdRehearsalPoint") VALUES (7, 'Large Room', true, 50, true, 35, 55) ON CONFLICT DO NOTHING;
INSERT INTO main.rooms ("Id", "Name", "AirConditioner", "Price", "RecordingSupport", "Area", "IdRehearsalPoint") VALUES (8, 'Medium Room', true, 45, true, 25, 55) ON CONFLICT DO NOTHING;
INSERT INTO main.rooms ("Id", "Name", "AirConditioner", "Price", "RecordingSupport", "Area", "IdRehearsalPoint") VALUES (9, 'Small Room', false, 20, false, 12, 55) ON CONFLICT DO NOTHING;
INSERT INTO main.rooms ("Id", "Name", "AirConditioner", "Price", "RecordingSupport", "Area", "IdRehearsalPoint") VALUES (10, 'Yellow Room', true, 50, true, 30, 54) ON CONFLICT DO NOTHING;
INSERT INTO main.rooms ("Id", "Name", "AirConditioner", "Price", "RecordingSupport", "Area", "IdRehearsalPoint") VALUES (11, 'Orange Room', false, 35, true, 18, 54) ON CONFLICT DO NOTHING;
INSERT INTO main.rooms ("Id", "Name", "AirConditioner", "Price", "RecordingSupport", "Area", "IdRehearsalPoint") VALUES (12, 'White Studio', true, 40, true, 27, 56) ON CONFLICT DO NOTHING;
INSERT INTO main.rooms ("Id", "Name", "AirConditioner", "Price", "RecordingSupport", "Area", "IdRehearsalPoint") VALUES (13, 'Black Room', false, 30, false, 15, 57) ON CONFLICT DO NOTHING;
INSERT INTO main.rooms ("Id", "Name", "AirConditioner", "Price", "RecordingSupport", "Area", "IdRehearsalPoint") VALUES (14, 'Gray Room', true, 45, true, 25, 58) ON CONFLICT DO NOTHING;
INSERT INTO main.rooms ("Id", "Name", "AirConditioner", "Price", "RecordingSupport", "Area", "IdRehearsalPoint") VALUES (15, 'Purple Room', false, 25, true, 20, 59) ON CONFLICT DO NOTHING;
INSERT INTO main.rooms ("Id", "Name", "AirConditioner", "Price", "RecordingSupport", "Area", "IdRehearsalPoint") VALUES (16, 'Cyan Studio', true, 50, true, 30, 60) ON CONFLICT DO NOTHING;
INSERT INTO main.rooms ("Id", "Name", "AirConditioner", "Price", "RecordingSupport", "Area", "IdRehearsalPoint") VALUES (17, 'Magenta Room', true, 40, false, 22, 61) ON CONFLICT DO NOTHING;
INSERT INTO main.rooms ("Id", "Name", "AirConditioner", "Price", "RecordingSupport", "Area", "IdRehearsalPoint") VALUES (18, 'Brown Room', false, 35, true, 18, 62) ON CONFLICT DO NOTHING;
INSERT INTO main.rooms ("Id", "Name", "AirConditioner", "Price", "RecordingSupport", "Area", "IdRehearsalPoint") VALUES (19, 'Gold Studio', true, 55, true, 35, 63) ON CONFLICT DO NOTHING;
INSERT INTO main.rooms ("Id", "Name", "AirConditioner", "Price", "RecordingSupport", "Area", "IdRehearsalPoint") VALUES (20, 'Silver Room', false, 30, false, 15, 64) ON CONFLICT DO NOTHING;
INSERT INTO main.rooms ("Id", "Name", "AirConditioner", "Price", "RecordingSupport", "Area", "IdRehearsalPoint") VALUES (21, 'Emerald Room', true, 45, true, 25, 65) ON CONFLICT DO NOTHING;
INSERT INTO main.rooms ("Id", "Name", "AirConditioner", "Price", "RecordingSupport", "Area", "IdRehearsalPoint") VALUES (22, 'Ruby Room', true, 40, true, 28, 66) ON CONFLICT DO NOTHING;
INSERT INTO main.rooms ("Id", "Name", "AirConditioner", "Price", "RecordingSupport", "Area", "IdRehearsalPoint") VALUES (23, 'Sapphire Studio', false, 35, false, 20, 67) ON CONFLICT DO NOTHING;
INSERT INTO main.rooms ("Id", "Name", "AirConditioner", "Price", "RecordingSupport", "Area", "IdRehearsalPoint") VALUES (24, 'Diamond Room', true, 50, true, 30, 68) ON CONFLICT DO NOTHING;
INSERT INTO main.rooms ("Id", "Name", "AirConditioner", "Price", "RecordingSupport", "Area", "IdRehearsalPoint") VALUES (25, 'Amethyst Room', false, 25, true, 18, 69) ON CONFLICT DO NOTHING;
INSERT INTO main.rooms ("Id", "Name", "AirConditioner", "Price", "RecordingSupport", "Area", "IdRehearsalPoint") VALUES (26, 'Topaz Studio', true, 45, true, 25, 70) ON CONFLICT DO NOTHING;
INSERT INTO main.rooms ("Id", "Name", "AirConditioner", "Price", "RecordingSupport", "Area", "IdRehearsalPoint") VALUES (27, 'Onyx Room', true, 40, false, 22, 71) ON CONFLICT DO NOTHING;
INSERT INTO main.rooms ("Id", "Name", "AirConditioner", "Price", "RecordingSupport", "Area", "IdRehearsalPoint") VALUES (28, 'Pearl Room', false, 30, true, 15, 72) ON CONFLICT DO NOTHING;
INSERT INTO main.rooms ("Id", "Name", "AirConditioner", "Price", "RecordingSupport", "Area", "IdRehearsalPoint") VALUES (29, 'Coral Studio', true, 50, true, 35, 73) ON CONFLICT DO NOTHING;
INSERT INTO main.rooms ("Id", "Name", "AirConditioner", "Price", "RecordingSupport", "Area", "IdRehearsalPoint") VALUES (30, 'Jade Room', false, 35, false, 20, 75) ON CONFLICT DO NOTHING;
INSERT INTO main.rooms ("Id", "Name", "AirConditioner", "Price", "RecordingSupport", "Area", "IdRehearsalPoint") VALUES (31, 'Turquoise Room', true, 45, true, 25, 76) ON CONFLICT DO NOTHING;
INSERT INTO main.rooms ("Id", "Name", "AirConditioner", "Price", "RecordingSupport", "Area", "IdRehearsalPoint") VALUES (32, 'Opal Studio', true, 40, true, 28, 77) ON CONFLICT DO NOTHING;
INSERT INTO main.rooms ("Id", "Name", "AirConditioner", "Price", "RecordingSupport", "Area", "IdRehearsalPoint") VALUES (33, 'Quartz Room', false, 30, false, 15, 78) ON CONFLICT DO NOTHING;
INSERT INTO main.rooms ("Id", "Name", "AirConditioner", "Price", "RecordingSupport", "Area", "IdRehearsalPoint") VALUES (34, 'Crimson Room', true, 50, true, 30, 79) ON CONFLICT DO NOTHING;
INSERT INTO main.rooms ("Id", "Name", "AirConditioner", "Price", "RecordingSupport", "Area", "IdRehearsalPoint") VALUES (35, 'Indigo Room', false, 25, true, 18, 80) ON CONFLICT DO NOTHING;
INSERT INTO main.rooms ("Id", "Name", "AirConditioner", "Price", "RecordingSupport", "Area", "IdRehearsalPoint") VALUES (36, 'Violet Studio', true, 45, true, 25, 81) ON CONFLICT DO NOTHING;
INSERT INTO main.rooms ("Id", "Name", "AirConditioner", "Price", "RecordingSupport", "Area", "IdRehearsalPoint") VALUES (37, 'Azure Room', true, 40, false, 22, 82) ON CONFLICT DO NOTHING;
INSERT INTO main.rooms ("Id", "Name", "AirConditioner", "Price", "RecordingSupport", "Area", "IdRehearsalPoint") VALUES (38, 'Ebony Room', false, 35, true, 18, 83) ON CONFLICT DO NOTHING;
INSERT INTO main.rooms ("Id", "Name", "AirConditioner", "Price", "RecordingSupport", "Area", "IdRehearsalPoint") VALUES (39, 'Ivory Studio', true, 50, true, 35, 84) ON CONFLICT DO NOTHING;
INSERT INTO main.rooms ("Id", "Name", "AirConditioner", "Price", "RecordingSupport", "Area", "IdRehearsalPoint") VALUES (40, 'Slate Room', false, 30, false, 15, 85) ON CONFLICT DO NOTHING;


--
-- TOC entry 4974 (class 0 OID 24873)
-- Dependencies: 228
-- Data for Name: service; Type: TABLE DATA; Schema: main; Owner: postgres
--

INSERT INTO main.service ("Id", "Name", "Price", "Type", "Requirements", "IdRehearsalPoint") VALUES (1, 'Synthesizer Rental', 30, 'Rental', 'None', 74) ON CONFLICT DO NOTHING;
INSERT INTO main.service ("Id", "Name", "Price", "Type", "Requirements", "IdRehearsalPoint") VALUES (2, 'Microphone Rental', 15, 'Rental', 'None', 54) ON CONFLICT DO NOTHING;
INSERT INTO main.service ("Id", "Name", "Price", "Type", "Requirements", "IdRehearsalPoint") VALUES (3, 'Combo Amplifier Rental', 40, 'Rental', 'None', 53) ON CONFLICT DO NOTHING;
INSERT INTO main.service ("Id", "Name", "Price", "Type", "Requirements", "IdRehearsalPoint") VALUES (4, 'Mixing Service', 150, 'Recording', 'DAW, audio interface, monitors', 54) ON CONFLICT DO NOTHING;
INSERT INTO main.service ("Id", "Name", "Price", "Type", "Requirements", "IdRehearsalPoint") VALUES (5, 'Mastering Service', 200, 'Recording', 'High-quality monitors, specialized software', 54) ON CONFLICT DO NOTHING;
INSERT INTO main.service ("Id", "Name", "Price", "Type", "Requirements", "IdRehearsalPoint") VALUES (6, 'Sound Recording', 180, 'Recording', 'Microphones, audio interface, soundproofing', 54) ON CONFLICT DO NOTHING;
INSERT INTO main.service ("Id", "Name", "Price", "Type", "Requirements", "IdRehearsalPoint") VALUES (7, 'Vocal Recording', 150, 'Recording', 'Microphones, pop filter, headphones', 55) ON CONFLICT DO NOTHING;
INSERT INTO main.service ("Id", "Name", "Price", "Type", "Requirements", "IdRehearsalPoint") VALUES (8, 'Guitar Rental', 20, 'Rental', 'None', 55) ON CONFLICT DO NOTHING;
INSERT INTO main.service ("Id", "Name", "Price", "Type", "Requirements", "IdRehearsalPoint") VALUES (9, 'Drum Kit Rental', 35, 'Rental', 'None', 55) ON CONFLICT DO NOTHING;
INSERT INTO main.service ("Id", "Name", "Price", "Type", "Requirements", "IdRehearsalPoint") VALUES (10, 'Piano Rental', 40, 'Rental', 'None', 56) ON CONFLICT DO NOTHING;
INSERT INTO main.service ("Id", "Name", "Price", "Type", "Requirements", "IdRehearsalPoint") VALUES (11, 'Bass Guitar Rental', 25, 'Rental', 'None', 57) ON CONFLICT DO NOTHING;
INSERT INTO main.service ("Id", "Name", "Price", "Type", "Requirements", "IdRehearsalPoint") VALUES (12, 'Live Sound Engineering', 200, 'Recording', 'PA system, microphones, mixing console', 58) ON CONFLICT DO NOTHING;
INSERT INTO main.service ("Id", "Name", "Price", "Type", "Requirements", "IdRehearsalPoint") VALUES (13, 'Sound Design', 180, 'Recording', 'Synthesizers, effects, DAW', 59) ON CONFLICT DO NOTHING;
INSERT INTO main.service ("Id", "Name", "Price", "Type", "Requirements", "IdRehearsalPoint") VALUES (14, 'Acoustic Treatment', 50, 'Rental', 'Acoustic panels, bass traps', 60) ON CONFLICT DO NOTHING;
INSERT INTO main.service ("Id", "Name", "Price", "Type", "Requirements", "IdRehearsalPoint") VALUES (15, 'Podcast Recording', 150, 'Recording', 'Microphones, soundproofing', 61) ON CONFLICT DO NOTHING;
INSERT INTO main.service ("Id", "Name", "Price", "Type", "Requirements", "IdRehearsalPoint") VALUES (16, 'Home Studio Setup', 200, 'Recording', 'Monitors, audio interface, software', 62) ON CONFLICT DO NOTHING;
INSERT INTO main.service ("Id", "Name", "Price", "Type", "Requirements", "IdRehearsalPoint") VALUES (17, 'Keyboard Rental', 30, 'Rental', 'None', 63) ON CONFLICT DO NOTHING;
INSERT INTO main.service ("Id", "Name", "Price", "Type", "Requirements", "IdRehearsalPoint") VALUES (18, 'Vocal Coaching', 100, 'Training', 'None', 64) ON CONFLICT DO NOTHING;
INSERT INTO main.service ("Id", "Name", "Price", "Type", "Requirements", "IdRehearsalPoint") VALUES (19, 'Audio Editing', 120, 'Recording', 'DAW, audio interface', 65) ON CONFLICT DO NOTHING;
INSERT INTO main.service ("Id", "Name", "Price", "Type", "Requirements", "IdRehearsalPoint") VALUES (20, 'Instrument Tuning', 25, 'Service', 'Tuning equipment', 66) ON CONFLICT DO NOTHING;
INSERT INTO main.service ("Id", "Name", "Price", "Type", "Requirements", "IdRehearsalPoint") VALUES (21, 'Live Streaming Setup', 180, 'Recording', 'Cameras, microphones, streaming software', 67) ON CONFLICT DO NOTHING;
INSERT INTO main.service ("Id", "Name", "Price", "Type", "Requirements", "IdRehearsalPoint") VALUES (22, 'Drum Tuning', 30, 'Service', 'Tuning tools', 68) ON CONFLICT DO NOTHING;
INSERT INTO main.service ("Id", "Name", "Price", "Type", "Requirements", "IdRehearsalPoint") VALUES (23, 'Guitar Amplifier Rental', 35, 'Rental', 'None', 69) ON CONFLICT DO NOTHING;
INSERT INTO main.service ("Id", "Name", "Price", "Type", "Requirements", "IdRehearsalPoint") VALUES (24, 'Mixing Console Rental', 50, 'Rental', 'None', 70) ON CONFLICT DO NOTHING;
INSERT INTO main.service ("Id", "Name", "Price", "Type", "Requirements", "IdRehearsalPoint") VALUES (25, 'Stage Lighting Rental', 60, 'Rental', 'Lighting equipment', 71) ON CONFLICT DO NOTHING;
INSERT INTO main.service ("Id", "Name", "Price", "Type", "Requirements", "IdRehearsalPoint") VALUES (26, 'Soundproofing Consultation', 80, 'Service', 'None', 72) ON CONFLICT DO NOTHING;
INSERT INTO main.service ("Id", "Name", "Price", "Type", "Requirements", "IdRehearsalPoint") VALUES (27, 'Vocal Processing', 140, 'Recording', 'DAW, plugins', 73) ON CONFLICT DO NOTHING;
INSERT INTO main.service ("Id", "Name", "Price", "Type", "Requirements", "IdRehearsalPoint") VALUES (28, 'Synthesizer Repair', 70, 'Service', 'Repair tools', 74) ON CONFLICT DO NOTHING;
INSERT INTO main.service ("Id", "Name", "Price", "Type", "Requirements", "IdRehearsalPoint") VALUES (29, 'Microphone Setup', 25, 'Service', 'None', 75) ON CONFLICT DO NOTHING;
INSERT INTO main.service ("Id", "Name", "Price", "Type", "Requirements", "IdRehearsalPoint") VALUES (30, 'Audio Mastering', 180, 'Recording', 'High-quality monitors, software', 76) ON CONFLICT DO NOTHING;
INSERT INTO main.service ("Id", "Name", "Price", "Type", "Requirements", "IdRehearsalPoint") VALUES (31, 'Live Performance Setup', 200, 'Recording', 'PA system, microphones', 77) ON CONFLICT DO NOTHING;
INSERT INTO main.service ("Id", "Name", "Price", "Type", "Requirements", "IdRehearsalPoint") VALUES (32, 'Instrument Rental Package', 50, 'Rental', 'None', 78) ON CONFLICT DO NOTHING;
INSERT INTO main.service ("Id", "Name", "Price", "Type", "Requirements", "IdRehearsalPoint") VALUES (33, 'Recording Consultation', 90, 'Service', 'None', 79) ON CONFLICT DO NOTHING;
INSERT INTO main.service ("Id", "Name", "Price", "Type", "Requirements", "IdRehearsalPoint") VALUES (34, 'Studio Monitor Rental', 40, 'Rental', 'None', 80) ON CONFLICT DO NOTHING;
INSERT INTO main.service ("Id", "Name", "Price", "Type", "Requirements", "IdRehearsalPoint") VALUES (35, 'Sound Effects Creation', 150, 'Recording', 'DAW, synthesizers', 81) ON CONFLICT DO NOTHING;
INSERT INTO main.service ("Id", "Name", "Price", "Type", "Requirements", "IdRehearsalPoint") VALUES (36, 'Vocal Booth Rental', 30, 'Rental', 'None', 82) ON CONFLICT DO NOTHING;
INSERT INTO main.service ("Id", "Name", "Price", "Type", "Requirements", "IdRehearsalPoint") VALUES (37, 'Mixing Workshop', 120, 'Training', 'DAW, monitors', 83) ON CONFLICT DO NOTHING;
INSERT INTO main.service ("Id", "Name", "Price", "Type", "Requirements", "IdRehearsalPoint") VALUES (38, 'Live Sound Training', 100, 'Training', 'PA system', 84) ON CONFLICT DO NOTHING;
INSERT INTO main.service ("Id", "Name", "Price", "Type", "Requirements", "IdRehearsalPoint") VALUES (39, 'Podcast Editing', 130, 'Recording', 'DAW, audio interface', 85) ON CONFLICT DO NOTHING;
INSERT INTO main.service ("Id", "Name", "Price", "Type", "Requirements", "IdRehearsalPoint") VALUES (40, 'Equipment Setup Service', 60, 'Service', 'None', 86) ON CONFLICT DO NOTHING;


--
-- TOC entry 4980 (class 0 OID 24931)
-- Dependencies: 234
-- Data for Name: service_booking; Type: TABLE DATA; Schema: main; Owner: postgres
--

INSERT INTO main.service_booking ("IdService", "IdBooking") VALUES (1, 1) ON CONFLICT DO NOTHING;
INSERT INTO main.service_booking ("IdService", "IdBooking") VALUES (3, 1) ON CONFLICT DO NOTHING;
INSERT INTO main.service_booking ("IdService", "IdBooking") VALUES (7, 3) ON CONFLICT DO NOTHING;
INSERT INTO main.service_booking ("IdService", "IdBooking") VALUES (8, 4) ON CONFLICT DO NOTHING;
INSERT INTO main.service_booking ("IdService", "IdBooking") VALUES (2, 5) ON CONFLICT DO NOTHING;
INSERT INTO main.service_booking ("IdService", "IdBooking") VALUES (4, 5) ON CONFLICT DO NOTHING;
INSERT INTO main.service_booking ("IdService", "IdBooking") VALUES (9, 6) ON CONFLICT DO NOTHING;
INSERT INTO main.service_booking ("IdService", "IdBooking") VALUES (10, 7) ON CONFLICT DO NOTHING;
INSERT INTO main.service_booking ("IdService", "IdBooking") VALUES (11, 8) ON CONFLICT DO NOTHING;
INSERT INTO main.service_booking ("IdService", "IdBooking") VALUES (12, 9) ON CONFLICT DO NOTHING;
INSERT INTO main.service_booking ("IdService", "IdBooking") VALUES (13, 10) ON CONFLICT DO NOTHING;
INSERT INTO main.service_booking ("IdService", "IdBooking") VALUES (14, 11) ON CONFLICT DO NOTHING;
INSERT INTO main.service_booking ("IdService", "IdBooking") VALUES (15, 12) ON CONFLICT DO NOTHING;
INSERT INTO main.service_booking ("IdService", "IdBooking") VALUES (16, 13) ON CONFLICT DO NOTHING;
INSERT INTO main.service_booking ("IdService", "IdBooking") VALUES (17, 14) ON CONFLICT DO NOTHING;
INSERT INTO main.service_booking ("IdService", "IdBooking") VALUES (18, 15) ON CONFLICT DO NOTHING;
INSERT INTO main.service_booking ("IdService", "IdBooking") VALUES (19, 16) ON CONFLICT DO NOTHING;
INSERT INTO main.service_booking ("IdService", "IdBooking") VALUES (20, 17) ON CONFLICT DO NOTHING;
INSERT INTO main.service_booking ("IdService", "IdBooking") VALUES (21, 18) ON CONFLICT DO NOTHING;
INSERT INTO main.service_booking ("IdService", "IdBooking") VALUES (22, 19) ON CONFLICT DO NOTHING;
INSERT INTO main.service_booking ("IdService", "IdBooking") VALUES (23, 20) ON CONFLICT DO NOTHING;
INSERT INTO main.service_booking ("IdService", "IdBooking") VALUES (24, 21) ON CONFLICT DO NOTHING;
INSERT INTO main.service_booking ("IdService", "IdBooking") VALUES (25, 22) ON CONFLICT DO NOTHING;
INSERT INTO main.service_booking ("IdService", "IdBooking") VALUES (26, 23) ON CONFLICT DO NOTHING;
INSERT INTO main.service_booking ("IdService", "IdBooking") VALUES (27, 24) ON CONFLICT DO NOTHING;
INSERT INTO main.service_booking ("IdService", "IdBooking") VALUES (28, 25) ON CONFLICT DO NOTHING;
INSERT INTO main.service_booking ("IdService", "IdBooking") VALUES (29, 26) ON CONFLICT DO NOTHING;
INSERT INTO main.service_booking ("IdService", "IdBooking") VALUES (30, 27) ON CONFLICT DO NOTHING;
INSERT INTO main.service_booking ("IdService", "IdBooking") VALUES (31, 28) ON CONFLICT DO NOTHING;
INSERT INTO main.service_booking ("IdService", "IdBooking") VALUES (32, 29) ON CONFLICT DO NOTHING;
INSERT INTO main.service_booking ("IdService", "IdBooking") VALUES (33, 30) ON CONFLICT DO NOTHING;
INSERT INTO main.service_booking ("IdService", "IdBooking") VALUES (34, 31) ON CONFLICT DO NOTHING;
INSERT INTO main.service_booking ("IdService", "IdBooking") VALUES (35, 32) ON CONFLICT DO NOTHING;
INSERT INTO main.service_booking ("IdService", "IdBooking") VALUES (36, 33) ON CONFLICT DO NOTHING;
INSERT INTO main.service_booking ("IdService", "IdBooking") VALUES (37, 34) ON CONFLICT DO NOTHING;
INSERT INTO main.service_booking ("IdService", "IdBooking") VALUES (38, 35) ON CONFLICT DO NOTHING;
INSERT INTO main.service_booking ("IdService", "IdBooking") VALUES (39, 36) ON CONFLICT DO NOTHING;
INSERT INTO main.service_booking ("IdService", "IdBooking") VALUES (40, 37) ON CONFLICT DO NOTHING;
INSERT INTO main.service_booking ("IdService", "IdBooking") VALUES (1, 38) ON CONFLICT DO NOTHING;
INSERT INTO main.service_booking ("IdService", "IdBooking") VALUES (2, 39) ON CONFLICT DO NOTHING;
INSERT INTO main.service_booking ("IdService", "IdBooking") VALUES (3, 40) ON CONFLICT DO NOTHING;
INSERT INTO main.service_booking ("IdService", "IdBooking") VALUES (4, 40) ON CONFLICT DO NOTHING;


--
-- TOC entry 4976 (class 0 OID 24886)
-- Dependencies: 230
-- Data for Name: staff; Type: TABLE DATA; Schema: main; Owner: postgres
--

INSERT INTO main.staff ("Id", "FullName", "Address", "Experience", "Phone", "Age", "IdRehearsalPoint") VALUES (1, 'Mikhail Ivanov', 'Minsk, Lenina St., 10', 5, '+375 29 5678901', 30, 74) ON CONFLICT DO NOTHING;
INSERT INTO main.staff ("Id", "FullName", "Address", "Experience", "Phone", "Age", "IdRehearsalPoint") VALUES (2, 'Darya Ivanova', 'Minsk, Nezavisimosti Ave., 10', 7, '+375291234568', 35, 54) ON CONFLICT DO NOTHING;
INSERT INTO main.staff ("Id", "FullName", "Address", "Experience", "Phone", "Age", "IdRehearsalPoint") VALUES (3, 'Sergey Sokolov', 'Minsk, Mira St., 5', 4, '+375291234569', 28, 55) ON CONFLICT DO NOTHING;
INSERT INTO main.staff ("Id", "FullName", "Address", "Experience", "Phone", "Age", "IdRehearsalPoint") VALUES (4, 'Natalia Kuznetsova', 'Minsk, Pobedy Ave., 20', 6, '+375291234570', 32, 55) ON CONFLICT DO NOTHING;
INSERT INTO main.staff ("Id", "FullName", "Address", "Experience", "Phone", "Age", "IdRehearsalPoint") VALUES (5, 'Igor Moroz', 'Minsk, Sovetskaya St., 15', 3, '+375291234571', 26, 55) ON CONFLICT DO NOTHING;
INSERT INTO main.staff ("Id", "FullName", "Address", "Experience", "Phone", "Age", "IdRehearsalPoint") VALUES (6, 'Olga Smirnova', 'Minsk, Chekistov St., 30', 8, '+375291234572', 40, 56) ON CONFLICT DO NOTHING;
INSERT INTO main.staff ("Id", "FullName", "Address", "Experience", "Phone", "Age", "IdRehearsalPoint") VALUES (7, 'Vladimir Ivanov', 'Minsk, Gorkogo St., 12', 5, '+375291234573', 29, 57) ON CONFLICT DO NOTHING;
INSERT INTO main.staff ("Id", "FullName", "Address", "Experience", "Phone", "Age", "IdRehearsalPoint") VALUES (8, 'Maria Orlova', 'Minsk, Lenin St., 25', 4, '+375291234574', 31, 58) ON CONFLICT DO NOTHING;
INSERT INTO main.staff ("Id", "FullName", "Address", "Experience", "Phone", "Age", "IdRehearsalPoint") VALUES (9, 'Andrey Nikiforov', 'Minsk, Pushkina St., 10', 6, '+375291234575', 34, 59) ON CONFLICT DO NOTHING;
INSERT INTO main.staff ("Id", "FullName", "Address", "Experience", "Phone", "Age", "IdRehearsalPoint") VALUES (10, 'Svetlana Pavlova', 'Minsk, Stalingrad St., 50', 5, '+375291234576', 33, 60) ON CONFLICT DO NOTHING;
INSERT INTO main.staff ("Id", "FullName", "Address", "Experience", "Phone", "Age", "IdRehearsalPoint") VALUES (11, 'Antonina Sergeeva', 'Minsk, Chernomorskaya St., 45', 9, '+375291234577', 36, 61) ON CONFLICT DO NOTHING;
INSERT INTO main.staff ("Id", "FullName", "Address", "Experience", "Phone", "Age", "IdRehearsalPoint") VALUES (12, 'Kirill Fedorov', 'Minsk, Kirova St., 11', 2, '+375291234578', 25, 62) ON CONFLICT DO NOTHING;
INSERT INTO main.staff ("Id", "FullName", "Address", "Experience", "Phone", "Age", "IdRehearsalPoint") VALUES (13, 'Yulia Alexandrova', 'Minsk, Frunze St., 22', 7, '+375291234579', 38, 63) ON CONFLICT DO NOTHING;
INSERT INTO main.staff ("Id", "FullName", "Address", "Experience", "Phone", "Age", "IdRehearsalPoint") VALUES (14, 'Mikhail Gromov', 'Minsk, Michurina St., 32', 5, '+375291234580', 27, 64) ON CONFLICT DO NOTHING;
INSERT INTO main.staff ("Id", "FullName", "Address", "Experience", "Phone", "Age", "IdRehearsalPoint") VALUES (15, 'Elena Romanova', 'Minsk, Lenin St., 3', 10, '+375291234581', 42, 65) ON CONFLICT DO NOTHING;
INSERT INTO main.staff ("Id", "FullName", "Address", "Experience", "Phone", "Age", "IdRehearsalPoint") VALUES (16, 'Dmitry Tikhonov', 'Minsk, Gogolya St., 8', 4, '+375291234582', 30, 66) ON CONFLICT DO NOTHING;
INSERT INTO main.staff ("Id", "FullName", "Address", "Experience", "Phone", "Age", "IdRehearsalPoint") VALUES (17, 'Alexandra Guseva', 'Minsk, Revolyutsii St., 9', 3, '+375291234583', 28, 67) ON CONFLICT DO NOTHING;
INSERT INTO main.staff ("Id", "FullName", "Address", "Experience", "Phone", "Age", "IdRehearsalPoint") VALUES (18, 'Viktor Petrovich', 'Minsk, Pervomayskaya St., 14', 5, '+375291234584', 29, 68) ON CONFLICT DO NOTHING;
INSERT INTO main.staff ("Id", "FullName", "Address", "Experience", "Phone", "Age", "IdRehearsalPoint") VALUES (19, 'Anastasia Semyonova', 'Minsk, Lenin St., 17', 8, '+375291234585', 39, 69) ON CONFLICT DO NOTHING;
INSERT INTO main.staff ("Id", "FullName", "Address", "Experience", "Phone", "Age", "IdRehearsalPoint") VALUES (20, 'Igor Morozov', 'Minsk, Obronaya St., 19', 2, '+375291234586', 24, 70) ON CONFLICT DO NOTHING;
INSERT INTO main.staff ("Id", "FullName", "Address", "Experience", "Phone", "Age", "IdRehearsalPoint") VALUES (21, 'Valentina Denisova', 'Minsk, Sovetskaya St., 7', 6, '+375291234587', 33, 71) ON CONFLICT DO NOTHING;
INSERT INTO main.staff ("Id", "FullName", "Address", "Experience", "Phone", "Age", "IdRehearsalPoint") VALUES (22, 'Natalya Ivanenko', 'Minsk, Karl Marx St., 12', 4, '+375291234588', 26, 72) ON CONFLICT DO NOTHING;
INSERT INTO main.staff ("Id", "FullName", "Address", "Experience", "Phone", "Age", "IdRehearsalPoint") VALUES (23, 'Alexander Zaytsev', 'Minsk, Kuybysheva St., 28', 5, '+375291234589', 30, 73) ON CONFLICT DO NOTHING;
INSERT INTO main.staff ("Id", "FullName", "Address", "Experience", "Phone", "Age", "IdRehearsalPoint") VALUES (24, 'Sofia Novik', 'Minsk, Gagarina St., 33', 9, '+375291234590', 41, 74) ON CONFLICT DO NOTHING;
INSERT INTO main.staff ("Id", "FullName", "Address", "Experience", "Phone", "Age", "IdRehearsalPoint") VALUES (25, 'Roman Stepanov', 'Minsk, Koval St., 16', 3, '+375291234591', 27, 75) ON CONFLICT DO NOTHING;
INSERT INTO main.staff ("Id", "FullName", "Address", "Experience", "Phone", "Age", "IdRehearsalPoint") VALUES (26, 'Igor Lebedev', 'Minsk, Gagarina St., 10', 3, '+375291234592', 28, 76) ON CONFLICT DO NOTHING;
INSERT INTO main.staff ("Id", "FullName", "Address", "Experience", "Phone", "Age", "IdRehearsalPoint") VALUES (27, 'Maria Morozova', 'Minsk, Frunze St., 25', 2, '+375291234593', 24, 77) ON CONFLICT DO NOTHING;
INSERT INTO main.staff ("Id", "FullName", "Address", "Experience", "Phone", "Age", "IdRehearsalPoint") VALUES (28, 'Tamara Ivanova', 'Minsk, Gagarina St., 6', 6, '+375291234594', 37, 78) ON CONFLICT DO NOTHING;
INSERT INTO main.staff ("Id", "FullName", "Address", "Experience", "Phone", "Age", "IdRehearsalPoint") VALUES (29, 'Pavel Kuznetsov', 'Minsk, Dzerzhinskogo St., 20', 4, '+375291234595', 31, 79) ON CONFLICT DO NOTHING;
INSERT INTO main.staff ("Id", "FullName", "Address", "Experience", "Phone", "Age", "IdRehearsalPoint") VALUES (30, 'Ekaterina Volkova', 'Minsk, Pobediteley Ave., 15', 7, '+375291234596', 35, 80) ON CONFLICT DO NOTHING;
INSERT INTO main.staff ("Id", "FullName", "Address", "Experience", "Phone", "Age", "IdRehearsalPoint") VALUES (31, 'Nikolay Sidorov', 'Minsk, Yakuba Kolasa St., 12', 5, '+375291234597', 29, 81) ON CONFLICT DO NOTHING;
INSERT INTO main.staff ("Id", "FullName", "Address", "Experience", "Phone", "Age", "IdRehearsalPoint") VALUES (32, 'Anna Petrova', 'Minsk, Surganova St., 8', 3, '+375291234598', 27, 82) ON CONFLICT DO NOTHING;
INSERT INTO main.staff ("Id", "FullName", "Address", "Experience", "Phone", "Age", "IdRehearsalPoint") VALUES (33, 'Dmitry Orlov', 'Minsk, Nemiga St., 5', 6, '+375291234599', 33, 83) ON CONFLICT DO NOTHING;
INSERT INTO main.staff ("Id", "FullName", "Address", "Experience", "Phone", "Age", "IdRehearsalPoint") VALUES (34, 'Svetlana Romanova', 'Minsk, Kalvariyskaya St., 10', 8, '+375291234600', 40, 84) ON CONFLICT DO NOTHING;
INSERT INTO main.staff ("Id", "FullName", "Address", "Experience", "Phone", "Age", "IdRehearsalPoint") VALUES (35, 'Maxim Ivanov', 'Minsk, Komsomolskaya St., 7', 4, '+375291234601', 28, 85) ON CONFLICT DO NOTHING;
INSERT INTO main.staff ("Id", "FullName", "Address", "Experience", "Phone", "Age", "IdRehearsalPoint") VALUES (36, 'Olga Sergeeva', 'Minsk, Pritytskogo St., 22', 5, '+375291234602', 30, 86) ON CONFLICT DO NOTHING;
INSERT INTO main.staff ("Id", "FullName", "Address", "Experience", "Phone", "Age", "IdRehearsalPoint") VALUES (37, 'Vladimir Novik', 'Minsk, Kulman St., 15', 7, '+375291234603', 36, 87) ON CONFLICT DO NOTHING;
INSERT INTO main.staff ("Id", "FullName", "Address", "Experience", "Phone", "Age", "IdRehearsalPoint") VALUES (38, 'Tatiana Lebedeva', 'Minsk, Masherova Ave., 9', 3, '+375291234604', 26, 88) ON CONFLICT DO NOTHING;
INSERT INTO main.staff ("Id", "FullName", "Address", "Experience", "Phone", "Age", "IdRehearsalPoint") VALUES (39, 'Andrey Morozov', 'Minsk, Tolbukhina St., 3', 6, '+375291234605', 34, 89) ON CONFLICT DO NOTHING;
INSERT INTO main.staff ("Id", "FullName", "Address", "Experience", "Phone", "Age", "IdRehearsalPoint") VALUES (40, 'Elena Smirnova', 'Minsk, K. Marksa St., 18', 5, '+375291234606', 32, 90) ON CONFLICT DO NOTHING;


--
-- TOC entry 4968 (class 0 OID 24839)
-- Dependencies: 222
-- Data for Name: users; Type: TABLE DATA; Schema: main; Owner: postgres
--

INSERT INTO main.users ("Id", "FullName", "Phone", "Email", "RegistrationDate") VALUES (1, 'John Doe', '+375 29 1234567', 'john.doe@example.com', '2025-01-01 13:00:00+03') ON CONFLICT DO NOTHING;
INSERT INTO main.users ("Id", "FullName", "Phone", "Email", "RegistrationDate") VALUES (2, 'Darya Ivanova', '+375331234568', 'darya.ivanova@mail.ru', '2023-11-26 16:57:36+03') ON CONFLICT DO NOTHING;
INSERT INTO main.users ("Id", "FullName", "Phone", "Email", "RegistrationDate") VALUES (3, 'Sergey Sokolov', '+375331234569', 'sergey.sokolov@outlook.com', '2022-03-14 16:44:49+03') ON CONFLICT DO NOTHING;
INSERT INTO main.users ("Id", "FullName", "Phone", "Email", "RegistrationDate") VALUES (4, 'Natalia Kuznetsova', '+375291234570', 'natalia.kuznetsova@outlook.com', '2023-11-15 17:02:59+03') ON CONFLICT DO NOTHING;
INSERT INTO main.users ("Id", "FullName", "Phone", "Email", "RegistrationDate") VALUES (5, 'Igor Moroz', '+375291234571', 'igor.moroz@gmail.com', '2025-11-14 08:43:53+03') ON CONFLICT DO NOTHING;
INSERT INTO main.users ("Id", "FullName", "Phone", "Email", "RegistrationDate") VALUES (6, 'Olga Smirnova', '+375291234572', 'olga.smirnova@mail.ru', '2024-11-02 11:54:43+03') ON CONFLICT DO NOTHING;
INSERT INTO main.users ("Id", "FullName", "Phone", "Email", "RegistrationDate") VALUES (7, 'Vladimir Ivanov', '+375291234573', 'vladimir.ivanov@gmail.com', '2024-08-22 17:39:58+03') ON CONFLICT DO NOTHING;
INSERT INTO main.users ("Id", "FullName", "Phone", "Email", "RegistrationDate") VALUES (8, 'Maria Orlova', '+375291234574', 'maria.orlova@gmail.com', '2022-09-29 16:36:02+03') ON CONFLICT DO NOTHING;
INSERT INTO main.users ("Id", "FullName", "Phone", "Email", "RegistrationDate") VALUES (9, 'Andrey Nikiforov', '+375331234575', 'andrey.nikiforov@gmail.com', '2025-06-30 04:37:53+03') ON CONFLICT DO NOTHING;
INSERT INTO main.users ("Id", "FullName", "Phone", "Email", "RegistrationDate") VALUES (10, 'Svetlana Pavlova', '+375291234576', 'svetlana.pavlova@gmail.com', '2023-09-11 21:24:01+03') ON CONFLICT DO NOTHING;
INSERT INTO main.users ("Id", "FullName", "Phone", "Email", "RegistrationDate") VALUES (11, 'Antonina Sergeeva', '+375291234577', 'antonina.sergeeva@gmail.com', '2025-03-15 11:30:12+03') ON CONFLICT DO NOTHING;
INSERT INTO main.users ("Id", "FullName", "Phone", "Email", "RegistrationDate") VALUES (12, 'Kirill Fedorov', '+375441234578', 'kirill.fedorov@inbox.ru', '2024-04-06 20:39:43+03') ON CONFLICT DO NOTHING;
INSERT INTO main.users ("Id", "FullName", "Phone", "Email", "RegistrationDate") VALUES (13, 'Yulia Alexandrova', '+375291234579', 'yulia.alexandrova@gmail.com', '2022-09-08 23:17:59+03') ON CONFLICT DO NOTHING;
INSERT INTO main.users ("Id", "FullName", "Phone", "Email", "RegistrationDate") VALUES (14, 'Mikhail Gromov', '+375291234580', 'mikhail.gromov@vk.com', '2023-01-09 03:17:56+03') ON CONFLICT DO NOTHING;
INSERT INTO main.users ("Id", "FullName", "Phone", "Email", "RegistrationDate") VALUES (15, 'Elena Romanova', '+375291234581', 'elena.romanova@mail.ru', '2024-08-23 14:02:37+03') ON CONFLICT DO NOTHING;
INSERT INTO main.users ("Id", "FullName", "Phone", "Email", "RegistrationDate") VALUES (16, 'Dmitry Tikhonov', '+375291234582', 'dmitry.tikhonov@gmail.com', '2024-04-26 00:49:09+03') ON CONFLICT DO NOTHING;
INSERT INTO main.users ("Id", "FullName", "Phone", "Email", "RegistrationDate") VALUES (17, 'Alexandra Guseva', '+375331234583', 'alexandra.guseva@gmail.com', '2022-05-20 18:21:19+03') ON CONFLICT DO NOTHING;
INSERT INTO main.users ("Id", "FullName", "Phone", "Email", "RegistrationDate") VALUES (18, 'Viktor Petrovich', '+375331234584', 'viktor.petrovich@gmail.com', '2023-05-29 04:30:58+03') ON CONFLICT DO NOTHING;
INSERT INTO main.users ("Id", "FullName", "Phone", "Email", "RegistrationDate") VALUES (19, 'Anastasia Semyonova', '+375441234585', 'anastasia.semyonova@mail.ru', '2022-07-13 13:38:10+03') ON CONFLICT DO NOTHING;
INSERT INTO main.users ("Id", "FullName", "Phone", "Email", "RegistrationDate") VALUES (20, 'Maxim Frolov', '+375291234600', 'maxim.frolov@gmail.com', '2022-08-13 17:06:00+03') ON CONFLICT DO NOTHING;
INSERT INTO main.users ("Id", "FullName", "Phone", "Email", "RegistrationDate") VALUES (21, 'Anna Frolova', '+375331234601', 'anna.frolova@vk.com', '2025-07-06 01:37:58+03') ON CONFLICT DO NOTHING;
INSERT INTO main.users ("Id", "FullName", "Phone", "Email", "RegistrationDate") VALUES (22, 'Dmitry Sergeyev', '+375291234602', 'dmitry.sergeyev@inbox.ru', '2024-06-27 09:54:58+03') ON CONFLICT DO NOTHING;
INSERT INTO main.users ("Id", "FullName", "Phone", "Email", "RegistrationDate") VALUES (23, 'Tatiana Sergeyeva', '+375291234603', 'tatiana.sergeyeva@gmail.com', '2023-04-28 00:26:28+03') ON CONFLICT DO NOTHING;
INSERT INTO main.users ("Id", "FullName", "Phone", "Email", "RegistrationDate") VALUES (24, 'Igor Lebedev', '+375291234604', 'igor.lebedev@gmail.com', '2025-07-28 10:34:59+03') ON CONFLICT DO NOTHING;
INSERT INTO main.users ("Id", "FullName", "Phone", "Email", "RegistrationDate") VALUES (25, 'Svetlana Lebedeva', '+375291234605', 'svetlana.lebedeva@gmail.com', '2023-06-03 01:13:34+03') ON CONFLICT DO NOTHING;
INSERT INTO main.users ("Id", "FullName", "Phone", "Email", "RegistrationDate") VALUES (26, 'Yuri Smirnov', '+375331234606', 'yuri.smirnov@gmail.com', '2022-06-27 04:35:44+03') ON CONFLICT DO NOTHING;
INSERT INTO main.users ("Id", "FullName", "Phone", "Email", "RegistrationDate") VALUES (27, 'Elena Smirnova', '+375291234607', 'elena.smirnova@mail.ru', '2025-11-19 02:21:17+03') ON CONFLICT DO NOTHING;
INSERT INTO main.users ("Id", "FullName", "Phone", "Email", "RegistrationDate") VALUES (28, 'Vladimir Petrov', '+375331234608', 'vladimir.petrov@gmail.com', '2025-05-31 18:55:49+03') ON CONFLICT DO NOTHING;
INSERT INTO main.users ("Id", "FullName", "Phone", "Email", "RegistrationDate") VALUES (29, 'Olga Petrova', '+375331234609', 'olga.petrova@gmail.com', '2023-01-19 03:16:13+03') ON CONFLICT DO NOTHING;
INSERT INTO main.users ("Id", "FullName", "Phone", "Email", "RegistrationDate") VALUES (30, 'Andrey Morozov', '+375291234610', 'andrey.morozov@gmail.com', '2022-03-03 09:41:55+03') ON CONFLICT DO NOTHING;
INSERT INTO main.users ("Id", "FullName", "Phone", "Email", "RegistrationDate") VALUES (31, 'Maria Morozova', '+375291234611', 'maria.morozova@gmail.com', '2023-07-07 10:15:17+03') ON CONFLICT DO NOTHING;
INSERT INTO main.users ("Id", "FullName", "Phone", "Email", "RegistrationDate") VALUES (32, 'Pavel Kuznetsov', '+375291234612', 'pavel.kuznetsov@outlook.com', '2023-02-15 12:12:34+03') ON CONFLICT DO NOTHING;
INSERT INTO main.users ("Id", "FullName", "Phone", "Email", "RegistrationDate") VALUES (33, 'Ekaterina Volkova', '+375331234613', 'ekaterina.volkova@mail.ru', '2024-05-10 19:45:21+03') ON CONFLICT DO NOTHING;
INSERT INTO main.users ("Id", "FullName", "Phone", "Email", "RegistrationDate") VALUES (34, 'Nikolay Sidorov', '+375441234614', 'nikolay.sidorov@gmail.com', '2022-10-20 15:30:15+03') ON CONFLICT DO NOTHING;
INSERT INTO main.users ("Id", "FullName", "Phone", "Email", "RegistrationDate") VALUES (35, 'Anna Petrova', '+375291234615', 'anna.petrova@vk.com', '2023-03-05 11:25:47+03') ON CONFLICT DO NOTHING;
INSERT INTO main.users ("Id", "FullName", "Phone", "Email", "RegistrationDate") VALUES (36, 'Dmitry Orlov', '+375291234616', 'dmitry.orlov@inbox.ru', '2024-09-01 17:50:33+03') ON CONFLICT DO NOTHING;
INSERT INTO main.users ("Id", "FullName", "Phone", "Email", "RegistrationDate") VALUES (37, 'Svetlana Romanova', '+375331234617', 'svetlana.romanova@gmail.com', '2022-12-12 13:15:29+03') ON CONFLICT DO NOTHING;
INSERT INTO main.users ("Id", "FullName", "Phone", "Email", "RegistrationDate") VALUES (38, 'Maxim Ivanov', '+375441234618', 'maxim.ivanov@mail.ru', '2023-06-18 20:40:22+03') ON CONFLICT DO NOTHING;
INSERT INTO main.users ("Id", "FullName", "Phone", "Email", "RegistrationDate") VALUES (39, 'Olga Sergeeva', '+375291234619', 'olga.sergeeva@outlook.com', '2024-01-25 16:20:55+03') ON CONFLICT DO NOTHING;
INSERT INTO main.users ("Id", "FullName", "Phone", "Email", "RegistrationDate") VALUES (40, 'Vladimir Novik', '+375291234620', 'vladimir.novik@gmail.com', '2023-08-30 14:35:41+03') ON CONFLICT DO NOTHING;


--
-- TOC entry 4987 (class 0 OID 0)
-- Dependencies: 231
-- Name: booking_Id_seq; Type: SEQUENCE SET; Schema: main; Owner: postgres
--

SELECT pg_catalog.setval('main."booking_Id_seq"', 1, false);


--
-- TOC entry 4988 (class 0 OID 0)
-- Dependencies: 223
-- Name: equipment_Id_seq; Type: SEQUENCE SET; Schema: main; Owner: postgres
--

SELECT pg_catalog.setval('main."equipment_Id_seq"', 2, true);


--
-- TOC entry 4989 (class 0 OID 0)
-- Dependencies: 219
-- Name: rehearsal_points_Id_seq; Type: SEQUENCE SET; Schema: main; Owner: postgres
--

SELECT pg_catalog.setval('main."rehearsal_points_Id_seq"', 1, false);


--
-- TOC entry 4990 (class 0 OID 0)
-- Dependencies: 225
-- Name: rooms_Id_seq; Type: SEQUENCE SET; Schema: main; Owner: postgres
--

SELECT pg_catalog.setval('main."rooms_Id_seq"', 1, false);


--
-- TOC entry 4991 (class 0 OID 0)
-- Dependencies: 227
-- Name: service_Id_seq; Type: SEQUENCE SET; Schema: main; Owner: postgres
--

SELECT pg_catalog.setval('main."service_Id_seq"', 1, false);


--
-- TOC entry 4992 (class 0 OID 0)
-- Dependencies: 229
-- Name: staff_Id_seq; Type: SEQUENCE SET; Schema: main; Owner: postgres
--

SELECT pg_catalog.setval('main."staff_Id_seq"', 1, false);


--
-- TOC entry 4993 (class 0 OID 0)
-- Dependencies: 221
-- Name: users_Id_seq; Type: SEQUENCE SET; Schema: main; Owner: postgres
--

SELECT pg_catalog.setval('main."users_Id_seq"', 1, false);


--
-- TOC entry 4803 (class 2606 OID 24905)
-- Name: booking PK_booking; Type: CONSTRAINT; Schema: main; Owner: postgres
--

ALTER TABLE ONLY main.booking
    ADD CONSTRAINT "PK_booking" PRIMARY KEY ("Id");


--
-- TOC entry 4790 (class 2606 OID 24853)
-- Name: equipment PK_equipment; Type: CONSTRAINT; Schema: main; Owner: postgres
--

ALTER TABLE ONLY main.equipment
    ADD CONSTRAINT "PK_equipment" PRIMARY KEY ("Id");


--
-- TOC entry 4806 (class 2606 OID 24920)
-- Name: equipment_booking PK_equipment_booking; Type: CONSTRAINT; Schema: main; Owner: postgres
--

ALTER TABLE ONLY main.equipment_booking
    ADD CONSTRAINT "PK_equipment_booking" PRIMARY KEY ("IdEquipment", "IdBooking");


--
-- TOC entry 4785 (class 2606 OID 24837)
-- Name: rehearsal_points PK_rehearsal_points; Type: CONSTRAINT; Schema: main; Owner: postgres
--

ALTER TABLE ONLY main.rehearsal_points
    ADD CONSTRAINT "PK_rehearsal_points" PRIMARY KEY ("Id");


--
-- TOC entry 4793 (class 2606 OID 24866)
-- Name: rooms PK_rooms; Type: CONSTRAINT; Schema: main; Owner: postgres
--

ALTER TABLE ONLY main.rooms
    ADD CONSTRAINT "PK_rooms" PRIMARY KEY ("Id");


--
-- TOC entry 4796 (class 2606 OID 24879)
-- Name: service PK_service; Type: CONSTRAINT; Schema: main; Owner: postgres
--

ALTER TABLE ONLY main.service
    ADD CONSTRAINT "PK_service" PRIMARY KEY ("Id");


--
-- TOC entry 4809 (class 2606 OID 24935)
-- Name: service_booking PK_service_booking; Type: CONSTRAINT; Schema: main; Owner: postgres
--

ALTER TABLE ONLY main.service_booking
    ADD CONSTRAINT "PK_service_booking" PRIMARY KEY ("IdService", "IdBooking");


--
-- TOC entry 4799 (class 2606 OID 24892)
-- Name: staff PK_staff; Type: CONSTRAINT; Schema: main; Owner: postgres
--

ALTER TABLE ONLY main.staff
    ADD CONSTRAINT "PK_staff" PRIMARY KEY ("Id");


--
-- TOC entry 4787 (class 2606 OID 24845)
-- Name: users PK_users; Type: CONSTRAINT; Schema: main; Owner: postgres
--

ALTER TABLE ONLY main.users
    ADD CONSTRAINT "PK_users" PRIMARY KEY ("Id");


--
-- TOC entry 4800 (class 1259 OID 24946)
-- Name: IX_booking_IdRoom; Type: INDEX; Schema: main; Owner: postgres
--

CREATE INDEX "IX_booking_IdRoom" ON main.booking USING btree ("IdRoom");


--
-- TOC entry 4801 (class 1259 OID 24947)
-- Name: IX_booking_IdUser; Type: INDEX; Schema: main; Owner: postgres
--

CREATE INDEX "IX_booking_IdUser" ON main.booking USING btree ("IdUser");


--
-- TOC entry 4788 (class 1259 OID 24948)
-- Name: IX_equipment_IdRehearsalPoint; Type: INDEX; Schema: main; Owner: postgres
--

CREATE INDEX "IX_equipment_IdRehearsalPoint" ON main.equipment USING btree ("IdRehearsalPoint");


--
-- TOC entry 4804 (class 1259 OID 24949)
-- Name: IX_equipment_booking_IdBooking; Type: INDEX; Schema: main; Owner: postgres
--

CREATE INDEX "IX_equipment_booking_IdBooking" ON main.equipment_booking USING btree ("IdBooking");


--
-- TOC entry 4791 (class 1259 OID 24950)
-- Name: IX_rooms_IdRehearsalPoint; Type: INDEX; Schema: main; Owner: postgres
--

CREATE INDEX "IX_rooms_IdRehearsalPoint" ON main.rooms USING btree ("IdRehearsalPoint");


--
-- TOC entry 4794 (class 1259 OID 24951)
-- Name: IX_service_IdRehearsalPoint; Type: INDEX; Schema: main; Owner: postgres
--

CREATE INDEX "IX_service_IdRehearsalPoint" ON main.service USING btree ("IdRehearsalPoint");


--
-- TOC entry 4807 (class 1259 OID 24952)
-- Name: IX_service_booking_IdBooking; Type: INDEX; Schema: main; Owner: postgres
--

CREATE INDEX "IX_service_booking_IdBooking" ON main.service_booking USING btree ("IdBooking");


--
-- TOC entry 4797 (class 1259 OID 24953)
-- Name: IX_staff_IdRehearsalPoint; Type: INDEX; Schema: main; Owner: postgres
--

CREATE INDEX "IX_staff_IdRehearsalPoint" ON main.staff USING btree ("IdRehearsalPoint");


--
-- TOC entry 4814 (class 2606 OID 24906)
-- Name: booking FK_booking_rooms_IdRoom; Type: FK CONSTRAINT; Schema: main; Owner: postgres
--

ALTER TABLE ONLY main.booking
    ADD CONSTRAINT "FK_booking_rooms_IdRoom" FOREIGN KEY ("IdRoom") REFERENCES main.rooms("Id") ON DELETE SET NULL;


--
-- TOC entry 4815 (class 2606 OID 24911)
-- Name: booking FK_booking_users_IdUser; Type: FK CONSTRAINT; Schema: main; Owner: postgres
--

ALTER TABLE ONLY main.booking
    ADD CONSTRAINT "FK_booking_users_IdUser" FOREIGN KEY ("IdUser") REFERENCES main.users("Id") ON DELETE CASCADE;


--
-- TOC entry 4816 (class 2606 OID 24921)
-- Name: equipment_booking FK_equipment_booking_booking_IdBooking; Type: FK CONSTRAINT; Schema: main; Owner: postgres
--

ALTER TABLE ONLY main.equipment_booking
    ADD CONSTRAINT "FK_equipment_booking_booking_IdBooking" FOREIGN KEY ("IdBooking") REFERENCES main.booking("Id") ON DELETE CASCADE;


--
-- TOC entry 4817 (class 2606 OID 24926)
-- Name: equipment_booking FK_equipment_booking_equipment_IdEquipment; Type: FK CONSTRAINT; Schema: main; Owner: postgres
--

ALTER TABLE ONLY main.equipment_booking
    ADD CONSTRAINT "FK_equipment_booking_equipment_IdEquipment" FOREIGN KEY ("IdEquipment") REFERENCES main.equipment("Id") ON DELETE CASCADE;


--
-- TOC entry 4810 (class 2606 OID 24854)
-- Name: equipment FK_equipment_rehearsal_points_IdRehearsalPoint; Type: FK CONSTRAINT; Schema: main; Owner: postgres
--

ALTER TABLE ONLY main.equipment
    ADD CONSTRAINT "FK_equipment_rehearsal_points_IdRehearsalPoint" FOREIGN KEY ("IdRehearsalPoint") REFERENCES main.rehearsal_points("Id") ON DELETE CASCADE;


--
-- TOC entry 4811 (class 2606 OID 24867)
-- Name: rooms FK_rooms_rehearsal_points_IdRehearsalPoint; Type: FK CONSTRAINT; Schema: main; Owner: postgres
--

ALTER TABLE ONLY main.rooms
    ADD CONSTRAINT "FK_rooms_rehearsal_points_IdRehearsalPoint" FOREIGN KEY ("IdRehearsalPoint") REFERENCES main.rehearsal_points("Id") ON DELETE CASCADE;


--
-- TOC entry 4818 (class 2606 OID 24936)
-- Name: service_booking FK_service_booking_booking_IdBooking; Type: FK CONSTRAINT; Schema: main; Owner: postgres
--

ALTER TABLE ONLY main.service_booking
    ADD CONSTRAINT "FK_service_booking_booking_IdBooking" FOREIGN KEY ("IdBooking") REFERENCES main.booking("Id") ON DELETE CASCADE;


--
-- TOC entry 4819 (class 2606 OID 24941)
-- Name: service_booking FK_service_booking_service_IdService; Type: FK CONSTRAINT; Schema: main; Owner: postgres
--

ALTER TABLE ONLY main.service_booking
    ADD CONSTRAINT "FK_service_booking_service_IdService" FOREIGN KEY ("IdService") REFERENCES main.service("Id") ON DELETE CASCADE;


--
-- TOC entry 4812 (class 2606 OID 24880)
-- Name: service FK_service_rehearsal_points_IdRehearsalPoint; Type: FK CONSTRAINT; Schema: main; Owner: postgres
--

ALTER TABLE ONLY main.service
    ADD CONSTRAINT "FK_service_rehearsal_points_IdRehearsalPoint" FOREIGN KEY ("IdRehearsalPoint") REFERENCES main.rehearsal_points("Id") ON DELETE CASCADE;


--
-- TOC entry 4813 (class 2606 OID 24893)
-- Name: staff FK_staff_rehearsal_points_IdRehearsalPoint; Type: FK CONSTRAINT; Schema: main; Owner: postgres
--

ALTER TABLE ONLY main.staff
    ADD CONSTRAINT "FK_staff_rehearsal_points_IdRehearsalPoint" FOREIGN KEY ("IdRehearsalPoint") REFERENCES main.rehearsal_points("Id") ON DELETE CASCADE;


-- Completed on 2025-09-10 23:00:40

--
-- PostgreSQL database dump complete
--

